"file","http_ts","ack","reason","queue_item_id","mission","session","sequence","capture","trace","flush","durability","raw_snip"
"logcat_resume_T12_stabilize.txt","08-14 18:15:43.382","ingested_non_persisted","ledger_ids_missing","trk_1786723792342_u8w2gqur","26","","","","mob_mst5f843_aos0npsx","http_fallback","'queued_async'","08-14 18:15:43.382 28854 30615 I ReactNativeJS: '[driver-telemetry] tracking.ingest.ack', { source: 'driver.tracking.queue', | 08-14 18:15:43.382 28854 30615 I ReactNativeJS:   mission_id: 26, | 08-14 18:15:43.382 28854 30615 I ReactNativeJS:   flush_path: 'http_fallback', | 08-14 18:15:43.382 28854 30615 I ReactNativeJS:   queue_item_id: 'trk_1786723792342_u8w2gqur', | 08-14 18:15:43.382 28854 30615 I Re"
"logcat_resume_T12_stabilize.txt","08-14 18:15:43.432","duplicate","duplicate_event_id_unproven","trk_1786723810647_11n415gl","26","","","","mob_mst5f8d4_d2tb33sk","http_fallback","null","08-14 18:15:43.432 28854 30615 I ReactNativeJS: '[driver-telemetry] tracking.ingest.ack', { source: 'driver.tracking.queue', | 08-14 18:15:43.432 28854 30615 I ReactNativeJS:   mission_id: 26, | 08-14 18:15:43.432 28854 30615 I ReactNativeJS:   flush_path: 'http_fallback', | 08-14 18:15:43.432 28854 30615 I ReactNativeJS:   queue_item_id: 'trk_1786723810647_11n415gl', | 08-14 18:15:43.432 28854 30615 I Re"
"logcat_resume_T12_stabilize.txt","08-14 18:15:43.642","duplicate","duplicate_event_id_unproven","trk_1786723829101_tdhsi20c","26","","","","mob_mst5f8eh_1twya1cu","http_fallback","null","08-14 18:15:43.642 28854 30615 I ReactNativeJS: '[driver-telemetry] tracking.ingest.ack', { source: 'driver.tracking.queue', | 08-14 18:15:43.642 28854 30615 I ReactNativeJS:   mission_id: 26, | 08-14 18:15:43.642 28854 30615 I ReactNativeJS:   flush_path: 'http_fallback', | 08-14 18:15:43.642 28854 30615 I ReactNativeJS:   queue_item_id: 'trk_1786723829101_tdhsi20c', | 08-14 18:15:43.642 28854 30615 I Re"
"logcat_resume_T12_stabilize.txt","08-14 18:16:03.650","duplicate","duplicate_event_id_unproven","trk_1786723792342_u8w2gqur","26","","","","mob_mst5fnvu_asuab7uf","http_fallback","null","08-14 18:16:03.650 28854 30615 I ReactNativeJS: '[driver-telemetry] tracking.ingest.ack', { source: 'driver.tracking.queue', | 08-14 18:16:03.650 28854 30615 I ReactNativeJS:   mission_id: 26, | 08-14 18:16:03.650 28854 30615 I ReactNativeJS:   flush_path: 'http_fallback', | 08-14 18:16:03.650 28854 30615 I ReactNativeJS:   queue_item_id: 'trk_1786723792342_u8w2gqur', | 08-14 18:16:03.650 28854 30615 I Re"
"logcat_resume_T12_stabilize.txt","08-14 18:16:03.758","ingested_non_persisted","ledger_ids_missing","trk_1786723810647_11n415gl","26","","","","mob_mst5fo04_8d7srdvg","http_fallback","'queued_async'","08-14 18:16:03.758 28854 30615 I ReactNativeJS: '[driver-telemetry] tracking.ingest.ack', { source: 'driver.tracking.queue', | 08-14 18:16:03.758 28854 30615 I ReactNativeJS:   mission_id: 26, | 08-14 18:16:03.758 28854 30615 I ReactNativeJS:   flush_path: 'http_fallback', | 08-14 18:16:03.758 28854 30615 I ReactNativeJS:   queue_item_id: 'trk_1786723810647_11n415gl', | 08-14 18:16:03.758 28854 30615 I Re"
"logcat_resume_T12_stabilize.txt","08-14 18:16:03.902","ingested_non_persisted","ledger_ids_missing","trk_1786723829101_tdhsi20c","26","","","","mob_mst5fo33_6yh4ieou","http_fallback","'queued_async'","08-14 18:16:03.902 28854 30615 I ReactNativeJS: '[driver-telemetry] tracking.ingest.ack', { source: 'driver.tracking.queue', | 08-14 18:16:03.902 28854 30615 I ReactNativeJS:   mission_id: 26, | 08-14 18:16:03.902 28854 30615 I ReactNativeJS:   flush_path: 'http_fallback', | 08-14 18:16:03.902 28854 30615 I ReactNativeJS:   queue_item_id: 'trk_1786723829101_tdhsi20c', | 08-14 18:16:03.902 28854 30615 I Re"
"logcat_resume_T12_stabilize.txt","08-14 18:16:04.641","ingested_non_persisted","ledger_ids_missing","trk_1786723792342_u8w2gqur","26","","","","mob_mst5fooc_add7kcqf","http_fallback","'queued_async'","08-14 18:16:04.641 28854 30615 I ReactNativeJS: '[driver-telemetry] tracking.ingest.ack', { source: 'driver.tracking.queue', | 08-14 18:16:04.641 28854 30615 I ReactNativeJS:   mission_id: 26, | 08-14 18:16:04.641 28854 30615 I ReactNativeJS:   flush_path: 'http_fallback', | 08-14 18:16:04.641 28854 30615 I ReactNativeJS:   queue_item_id: 'trk_1786723792342_u8w2gqur', | 08-14 18:16:04.641 28854 30615 I Re"
"logcat_resume_T12_stabilize.txt","08-14 18:16:04.706","duplicate","duplicate_event_id_unproven","trk_1786723810647_11n415gl","26","","","","mob_mst5form_hxnnq7be","http_fallback","null","08-14 18:16:04.706 28854 30615 I ReactNativeJS: '[driver-telemetry] tracking.ingest.ack', { source: 'driver.tracking.queue', | 08-14 18:16:04.706 28854 30615 I ReactNativeJS:   mission_id: 26, | 08-14 18:16:04.706 28854 30615 I ReactNativeJS:   flush_path: 'http_fallback', | 08-14 18:16:04.706 28854 30615 I ReactNativeJS:   queue_item_id: 'trk_1786723810647_11n415gl', | 08-14 18:16:04.706 28854 30615 I Re"
"logcat_resume_T12_stabilize.txt","08-14 18:16:04.775","duplicate","duplicate_event_id_unproven","trk_1786723829101_tdhsi20c","26","","","","mob_mst5fotf_q39whkx6","http_fallback","null","08-14 18:16:04.775 28854 30615 I ReactNativeJS: '[driver-telemetry] tracking.ingest.ack', { source: 'driver.tracking.queue', | 08-14 18:16:04.775 28854 30615 I ReactNativeJS:   mission_id: 26, | 08-14 18:16:04.775 28854 30615 I ReactNativeJS:   flush_path: 'http_fallback', | 08-14 18:16:04.775 28854 30615 I ReactNativeJS:   queue_item_id: 'trk_1786723829101_tdhsi20c', | 08-14 18:16:04.775 28854 30615 I Re"
"logcat_resume_T12_stabilize.txt","08-14 18:16:07.047","duplicate","duplicate_event_id_unproven","trk_1786723792342_u8w2gqur","26","trk_sess_1786722711491_2h9hb2ps","","","mob_mst5fqjq_jwvk4ld3","http_fallback","null","08-14 18:16:07.047 28854 30615 I ReactNativeJS: '[driver-telemetry] tracking.ingest.ack', { source: 'driver.tracking.queue', | 08-14 18:16:07.047 28854 30615 I ReactNativeJS:   mission_id: 26, | 08-14 18:16:07.047 28854 30615 I ReactNativeJS:   flush_path: 'http_fallback', | 08-14 18:16:07.047 28854 30615 I ReactNativeJS:   queue_item_id: 'trk_1786723792342_u8w2gqur', | 08-14 18:16:07.047 28854 30615 I Re"
"logcat_resume_T12_stabilize.txt","08-14 18:16:11.170","ingested_non_persisted","ledger_ids_missing","trk_1786723810647_11n415gl","26","","","","mob_mst5fqmg_a7dyfxmh","http_fallback","'queued_async'","08-14 18:16:11.170 28854 30615 I ReactNativeJS: '[driver-telemetry] tracking.ingest.ack', { source: 'driver.tracking.queue', | 08-14 18:16:11.170 28854 30615 I ReactNativeJS:   mission_id: 26, | 08-14 18:16:11.170 28854 30615 I ReactNativeJS:   flush_path: 'http_fallback', | 08-14 18:16:11.170 28854 30615 I ReactNativeJS:   queue_item_id: 'trk_1786723810647_11n415gl', | 08-14 18:16:11.170 28854 30615 I Re"
"logcat_resume_T12_stabilize.txt","08-14 18:16:11.294","ingested_non_persisted","ledger_ids_missing","trk_1786723829101_tdhsi20c","26","","","","mob_mst5ftsz_vtx4j4xi","http_fallback","'queued_async'","08-14 18:16:11.294 28854 30615 I ReactNativeJS: '[driver-telemetry] tracking.ingest.ack', { source: 'driver.tracking.queue', | 08-14 18:16:11.294 28854 30615 I ReactNativeJS:   mission_id: 26, | 08-14 18:16:11.294 28854 30615 I ReactNativeJS:   flush_path: 'http_fallback', | 08-14 18:16:11.294 28854 30615 I ReactNativeJS:   queue_item_id: 'trk_1786723829101_tdhsi20c', | 08-14 18:16:11.294 28854 30615 I Re"
"logcat_resume_T12_stabilize.txt","08-14 18:16:13.759","ingested_non_persisted","ledger_ids_missing","trk_1786723792342_u8w2gqur","26","","","","mob_mst5fvf7_2khrntq9","http_fallback","'queued_async'","08-14 18:16:13.759 28854 30615 I ReactNativeJS: '[driver-telemetry] tracking.ingest.ack', { source: 'driver.tracking.queue', | 08-14 18:16:13.759 28854 30615 I ReactNativeJS:   mission_id: 26, | 08-14 18:16:13.759 28854 30615 I ReactNativeJS:   flush_path: 'http_fallback', | 08-14 18:16:13.759 28854 30615 I ReactNativeJS:   queue_item_id: 'trk_1786723792342_u8w2gqur', | 08-14 18:16:13.759 28854 30615 I Re"
"logcat_resume_T12_stabilize.txt","08-14 18:16:13.835","duplicate","duplicate_event_id_unproven","trk_1786723810647_11n415gl","26","","","","mob_mst5fvsv_tdklsth1","http_fallback","null","08-14 18:16:13.835 28854 30615 I ReactNativeJS: '[driver-telemetry] tracking.ingest.ack', { source: 'driver.tracking.queue', | 08-14 18:16:13.835 28854 30615 I ReactNativeJS:   mission_id: 26, | 08-14 18:16:13.835 28854 30615 I ReactNativeJS:   flush_path: 'http_fallback', | 08-14 18:16:13.835 28854 30615 I ReactNativeJS:   queue_item_id: 'trk_1786723810647_11n415gl', | 08-14 18:16:13.835 28854 30615 I Re"
"logcat_resume_T12_stabilize.txt","08-14 18:16:13.925","duplicate","duplicate_event_id_unproven","trk_1786723829101_tdhsi20c","26","","","","mob_mst5fvv0_iu9z3a3f","http_fallback","null","08-14 18:16:13.925 28854 30615 I ReactNativeJS: '[driver-telemetry] tracking.ingest.ack', { source: 'driver.tracking.queue', | 08-14 18:16:13.925 28854 30615 I ReactNativeJS:   mission_id: 26, | 08-14 18:16:13.925 28854 30615 I ReactNativeJS:   flush_path: 'http_fallback', | 08-14 18:16:13.925 28854 30615 I ReactNativeJS:   queue_item_id: 'trk_1786723829101_tdhsi20c', | 08-14 18:16:13.925 28854 30615 I Re"
"logcat_resume_T12_stabilize.txt","08-14 18:16:13.976","duplicate","duplicate_event_id_unproven","trk_1786723792342_u8w2gqur","26","","","","mob_mst5fvxm_jr4omsdc","http_fallback","null","08-14 18:16:13.976 28854 30615 I ReactNativeJS: '[driver-telemetry] tracking.ingest.ack', { source: 'driver.tracking.queue', | 08-14 18:16:13.976 28854 30615 I ReactNativeJS:   mission_id: 26, | 08-14 18:16:13.976 28854 30615 I ReactNativeJS:   flush_path: 'http_fallback', | 08-14 18:16:13.976 28854 30615 I ReactNativeJS:   queue_item_id: 'trk_1786723792342_u8w2gqur', | 08-14 18:16:13.976 28854 30615 I Re"
"logcat_resume_T12_stabilize.txt","08-14 18:16:14.092","ingested_non_persisted","ledger_ids_missing","trk_1786723810647_11n415gl","26","","","","mob_mst5fvyx_kjdppi89","http_fallback","'queued_async'","08-14 18:16:14.092 28854 30615 I ReactNativeJS: '[driver-telemetry] tracking.ingest.ack', { source: 'driver.tracking.queue', | 08-14 18:16:14.092 28854 30615 I ReactNativeJS:   mission_id: 26, | 08-14 18:16:14.092 28854 30615 I ReactNativeJS:   flush_path: 'http_fallback', | 08-14 18:16:14.092 28854 30615 I ReactNativeJS:   queue_item_id: 'trk_1786723810647_11n415gl', | 08-14 18:16:14.092 28854 30615 I Re"
"logcat_resume_T12_stabilize.txt","08-14 18:16:14.201","ingested_non_persisted","ledger_ids_missing","trk_1786723829101_tdhsi20c","26","","","","mob_mst5fw25_jq82x9z1","http_fallback","'queued_async'","08-14 18:16:14.201 28854 30615 I ReactNativeJS: '[driver-telemetry] tracking.ingest.ack', { source: 'driver.tracking.queue', | 08-14 18:16:14.201 28854 30615 I ReactNativeJS:   mission_id: 26, | 08-14 18:16:14.201 28854 30615 I ReactNativeJS:   flush_path: 'http_fallback', | 08-14 18:16:14.201 28854 30615 I ReactNativeJS:   queue_item_id: 'trk_1786723829101_tdhsi20c', | 08-14 18:16:14.201 28854 30615 I Re"
"logcat_resume_T12_stabilize.txt","08-14 18:16:14.439","ingested_non_persisted","ledger_ids_missing","trk_1786723792342_u8w2gqur","26","","","","mob_mst5fw8z_o4ewghd4","http_fallback","'queued_async'","08-14 18:16:14.439 28854 30615 I ReactNativeJS: '[driver-telemetry] tracking.ingest.ack', { source: 'driver.tracking.queue', | 08-14 18:16:14.439 28854 30615 I ReactNativeJS:   mission_id: 26, | 08-14 18:16:14.439 28854 30615 I ReactNativeJS:   flush_path: 'http_fallback', | 08-14 18:16:14.439 28854 30615 I ReactNativeJS:   queue_item_id: 'trk_1786723792342_u8w2gqur', | 08-14 18:16:14.439 28854 30615 I Re"
"logcat_resume_T12_stabilize.txt","08-14 18:16:14.496","duplicate","duplicate_event_id_unproven","trk_1786723810647_11n415gl","26","","","","mob_mst5fwbs_tzgls2b0","http_fallback","null","08-14 18:16:14.496 28854 30615 I ReactNativeJS: '[driver-telemetry] tracking.ingest.ack', { source: 'driver.tracking.queue', | 08-14 18:16:14.496 28854 30615 I ReactNativeJS:   mission_id: 26, | 08-14 18:16:14.496 28854 30615 I ReactNativeJS:   flush_path: 'http_fallback', | 08-14 18:16:14.496 28854 30615 I ReactNativeJS:   queue_item_id: 'trk_1786723810647_11n415gl', | 08-14 18:16:14.496 28854 30615 I Re"
"logcat_resume_T12_stabilize.txt","08-14 18:16:14.576","duplicate","duplicate_event_id_unproven","trk_1786723829101_tdhsi20c","26","","","","mob_mst5fwdd_7bv57zwv","http_fallback","null","08-14 18:16:14.576 28854 30615 I ReactNativeJS: '[driver-telemetry] tracking.ingest.ack', { source: 'driver.tracking.queue', | 08-14 18:16:14.576 28854 30615 I ReactNativeJS:   mission_id: 26, | 08-14 18:16:14.576 28854 30615 I ReactNativeJS:   flush_path: 'http_fallback', | 08-14 18:16:14.576 28854 30615 I ReactNativeJS:   queue_item_id: 'trk_1786723829101_tdhsi20c', | 08-14 18:16:14.576 28854 30615 I Re"
"logcat_resume_T12_stabilize.txt","08-14 18:16:14.669","duplicate","duplicate_event_id_unproven","trk_1786723792342_u8w2gqur","26","","","","mob_mst5fwfn_rljr7y72","http_fallback","null","08-14 18:16:14.669 28854 30615 I ReactNativeJS: '[driver-telemetry] tracking.ingest.ack', { source: 'driver.tracking.queue', | 08-14 18:16:14.669 28854 30615 I ReactNativeJS:   mission_id: 26, | 08-14 18:16:14.669 28854 30615 I ReactNativeJS:   flush_path: 'http_fallback', | 08-14 18:16:14.669 28854 30615 I ReactNativeJS:   queue_item_id: 'trk_1786723792342_u8w2gqur', | 08-14 18:16:14.669 28854 30615 I Re"
"logcat_resume_T12_stabilize.txt","08-14 18:16:14.768","ingested_non_persisted","ledger_ids_missing","trk_1786723810647_11n415gl","26","","","","mob_mst5fwi6_e8b4zpv1","http_fallback","'queued_async'","08-14 18:16:14.768 28854 30615 I ReactNativeJS: '[driver-telemetry] tracking.ingest.ack', { source: 'driver.tracking.queue', | 08-14 18:16:14.768 28854 30615 I ReactNativeJS:   mission_id: 26, | 08-14 18:16:14.768 28854 30615 I ReactNativeJS:   flush_path: 'http_fallback', | 08-14 18:16:14.768 28854 30615 I ReactNativeJS:   queue_item_id: 'trk_1786723810647_11n415gl', | 08-14 18:16:14.768 28854 30615 I Re"
"logcat_resume_T12_stabilize.txt","08-14 18:16:14.891","ingested_non_persisted","ledger_ids_missing","trk_1786723829101_tdhsi20c","26","","","","mob_mst5fwkx_bk6t9fn6","http_fallback","'queued_async'","08-14 18:16:14.891 28854 30615 I ReactNativeJS: '[driver-telemetry] tracking.ingest.ack', { source: 'driver.tracking.queue', | 08-14 18:16:14.891 28854 30615 I ReactNativeJS:   mission_id: 26, | 08-14 18:16:14.891 28854 30615 I ReactNativeJS:   flush_path: 'http_fallback', | 08-14 18:16:14.891 28854 30615 I ReactNativeJS:   queue_item_id: 'trk_1786723829101_tdhsi20c', | 08-14 18:16:14.891 28854 30615 I Re"
"logcat_resume_T12_stabilize.txt","08-14 18:16:17.727","ingested_non_persisted","ledger_ids_missing","trk_1786723792342_u8w2gqur","26","","","","mob_mst5fyra_xzm1ni1f","http_fallback","'queued_async'","08-14 18:16:17.727 28854 30615 I ReactNativeJS: '[driver-telemetry] tracking.ingest.ack', { source: 'driver.tracking.queue', | 08-14 18:16:17.727 28854 30615 I ReactNativeJS:   mission_id: 26, | 08-14 18:16:17.727 28854 30615 I ReactNativeJS:   flush_path: 'http_fallback', | 08-14 18:16:17.727 28854 30615 I ReactNativeJS:   queue_item_id: 'trk_1786723792342_u8w2gqur', | 08-14 18:16:17.727 28854 30615 I Re"
"logcat_resume_T12_stabilize.txt","08-14 18:16:17.789","duplicate","duplicate_event_id_unproven","trk_1786723810647_11n415gl","26","","","","mob_mst5fyv4_qifbevz1","http_fallback","null","08-14 18:16:17.789 28854 30615 I ReactNativeJS: '[driver-telemetry] tracking.ingest.ack', { source: 'driver.tracking.queue', | 08-14 18:16:17.789 28854 30615 I ReactNativeJS:   mission_id: 26, | 08-14 18:16:17.789 28854 30615 I ReactNativeJS:   flush_path: 'http_fallback', | 08-14 18:16:17.789 28854 30615 I ReactNativeJS:   queue_item_id: 'trk_1786723810647_11n415gl', | 08-14 18:16:17.789 28854 30615 I Re"
"logcat_resume_T12_stabilize.txt","08-14 18:16:17.863","duplicate","duplicate_event_id_unproven","trk_1786723829101_tdhsi20c","26","","","","mob_mst5fywt_tazmjwxa","http_fallback","null","08-14 18:16:17.863 28854 30615 I ReactNativeJS: '[driver-telemetry] tracking.ingest.ack', { source: 'driver.tracking.queue', | 08-14 18:16:17.863 28854 30615 I ReactNativeJS:   mission_id: 26, | 08-14 18:16:17.863 28854 30615 I ReactNativeJS:   flush_path: 'http_fallback', | 08-14 18:16:17.863 28854 30615 I ReactNativeJS:   queue_item_id: 'trk_1786723829101_tdhsi20c', | 08-14 18:16:17.863 28854 30615 I Re"
"logcat_resume_T12_stabilize.txt","08-14 18:16:20.979","duplicate","duplicate_event_id_unproven","trk_1786723792342_u8w2gqur","26","","","","mob_mst5g1ao_l2wr7e1d","http_fallback","null","08-14 18:16:20.979 28854 30615 I ReactNativeJS: '[driver-telemetry] tracking.ingest.ack', { source: 'driver.tracking.queue', | 08-14 18:16:20.979 28854 30615 I ReactNativeJS:   mission_id: 26, | 08-14 18:16:20.979 28854 30615 I ReactNativeJS:   flush_path: 'http_fallback', | 08-14 18:16:20.979 28854 30615 I ReactNativeJS:   queue_item_id: 'trk_1786723792342_u8w2gqur', | 08-14 18:16:20.979 28854 30615 I Re"
"logcat_resume_T12_stabilize.txt","08-14 18:16:21.080","ingested_non_persisted","ledger_ids_missing","trk_1786723810647_11n415gl","26","","","","mob_mst5g1dg_qram87vq","http_fallback","'queued_async'","08-14 18:16:21.080 28854 30615 I ReactNativeJS: '[driver-telemetry] tracking.ingest.ack', { source: 'driver.tracking.queue', | 08-14 18:16:21.080 28854 30615 I ReactNativeJS:   mission_id: 26, | 08-14 18:16:21.080 28854 30615 I ReactNativeJS:   flush_path: 'http_fallback', | 08-14 18:16:21.080 28854 30615 I ReactNativeJS:   queue_item_id: 'trk_1786723810647_11n415gl', | 08-14 18:16:21.080 28854 30615 I Re"
"logcat_resume_T12_stabilize.txt","08-14 18:16:21.187","ingested_non_persisted","ledger_ids_missing","trk_1786723829101_tdhsi20c","26","","","","mob_mst5g1g9_pf81i8rk","http_fallback","'queued_async'","08-14 18:16:21.187 28854 30615 I ReactNativeJS: '[driver-telemetry] tracking.ingest.ack', { source: 'driver.tracking.queue', | 08-14 18:16:21.187 28854 30615 I ReactNativeJS:   mission_id: 26, | 08-14 18:16:21.187 28854 30615 I ReactNativeJS:   flush_path: 'http_fallback', | 08-14 18:16:21.187 28854 30615 I ReactNativeJS:   queue_item_id: 'trk_1786723829101_tdhsi20c', | 08-14 18:16:21.187 28854 30615 I Re"
"logcat_resume_T12_stabilize.txt","08-14 18:16:24.335","ingested_non_persisted","ledger_ids_missing","trk_1786723792342_u8w2gqur","26","","","","mob_mst5g3vd_omt82uah","http_fallback","'queued_async'","08-14 18:16:24.335 28854 30615 I ReactNativeJS: '[driver-telemetry] tracking.ingest.ack', { source: 'driver.tracking.queue', | 08-14 18:16:24.335 28854 30615 I ReactNativeJS:   mission_id: 26, | 08-14 18:16:24.335 28854 30615 I ReactNativeJS:   flush_path: 'http_fallback', | 08-14 18:16:24.335 28854 30615 I ReactNativeJS:   queue_item_id: 'trk_1786723792342_u8w2gqur', | 08-14 18:16:24.335 28854 30615 I Re"
"logcat_resume_T12_stabilize.txt","08-14 18:16:24.416","duplicate","duplicate_event_id_unproven","trk_1786723810647_11n415gl","26","","","","mob_mst5g3yo_chpee4ro","http_fallback","null","08-14 18:16:24.416 28854 30615 I ReactNativeJS: '[driver-telemetry] tracking.ingest.ack', { source: 'driver.tracking.queue', | 08-14 18:16:24.416 28854 30615 I ReactNativeJS:   mission_id: 26, | 08-14 18:16:24.416 28854 30615 I ReactNativeJS:   flush_path: 'http_fallback', | 08-14 18:16:24.416 28854 30615 I ReactNativeJS:   queue_item_id: 'trk_1786723810647_11n415gl', | 08-14 18:16:24.416 28854 30615 I Re"
"logcat_resume_T12_stabilize.txt","08-14 18:16:24.467","duplicate","duplicate_event_id_unproven","trk_1786723829101_tdhsi20c","26","","","","mob_mst5g40x_c8xx7dsf","http_fallback","null","08-14 18:16:24.467 28854 30615 I ReactNativeJS: '[driver-telemetry] tracking.ingest.ack', { source: 'driver.tracking.queue', | 08-14 18:16:24.467 28854 30615 I ReactNativeJS:   mission_id: 26, | 08-14 18:16:24.467 28854 30615 I ReactNativeJS:   flush_path: 'http_fallback', | 08-14 18:16:24.467 28854 30615 I ReactNativeJS:   queue_item_id: 'trk_1786723829101_tdhsi20c', | 08-14 18:16:24.467 28854 30615 I Re"
"logcat_resume_T12_stabilize.txt","08-14 18:16:24.665","duplicate","duplicate_event_id_unproven","trk_1786723792342_u8w2gqur","26","","","","mob_mst5g468_ph2qx4xw","http_fallback","null","08-14 18:16:24.665 28854 30615 I ReactNativeJS: '[driver-telemetry] tracking.ingest.ack', { source: 'driver.tracking.queue', | 08-14 18:16:24.665 28854 30615 I ReactNativeJS:   mission_id: 26, | 08-14 18:16:24.665 28854 30615 I ReactNativeJS:   flush_path: 'http_fallback', | 08-14 18:16:24.665 28854 30615 I ReactNativeJS:   queue_item_id: 'trk_1786723792342_u8w2gqur', | 08-14 18:16:24.665 28854 30615 I Re"
"logcat_resume_T12_stabilize.txt","08-14 18:16:24.783","ingested_non_persisted","ledger_ids_missing","trk_1786723810647_11n415gl","26","","","","mob_mst5g47u_ss1v0eer","http_fallback","'queued_async'","08-14 18:16:24.783 28854 30615 I ReactNativeJS: '[driver-telemetry] tracking.ingest.ack', { source: 'driver.tracking.queue', | 08-14 18:16:24.783 28854 30615 I ReactNativeJS:   mission_id: 26, | 08-14 18:16:24.783 28854 30615 I ReactNativeJS:   flush_path: 'http_fallback', | 08-14 18:16:24.783 28854 30615 I ReactNativeJS:   queue_item_id: 'trk_1786723810647_11n415gl', | 08-14 18:16:24.783 28854 30615 I Re"
"logcat_resume_T12_stabilize.txt","08-14 18:16:24.892","ingested_non_persisted","ledger_ids_missing","trk_1786723829101_tdhsi20c","26","","","","mob_mst5g4b4_6u82a4xf","http_fallback","'queued_async'","08-14 18:16:24.892 28854 30615 I ReactNativeJS: '[driver-telemetry] tracking.ingest.ack', { source: 'driver.tracking.queue', | 08-14 18:16:24.892 28854 30615 I ReactNativeJS:   mission_id: 26, | 08-14 18:16:24.892 28854 30615 I ReactNativeJS:   flush_path: 'http_fallback', | 08-14 18:16:24.892 28854 30615 I ReactNativeJS:   queue_item_id: 'trk_1786723829101_tdhsi20c', | 08-14 18:16:24.892 28854 30615 I Re"
"logcat_resume_T12_stabilize.txt","08-14 18:16:27.626","ingested_non_persisted","ledger_ids_missing","trk_1786723792342_u8w2gqur","26","","","","mob_mst5g6e1_9z5q12q0","http_fallback","'queued_async'","08-14 18:16:27.626 28854 30615 I ReactNativeJS: '[driver-telemetry] tracking.ingest.ack', { source: 'driver.tracking.queue', | 08-14 18:16:27.626 28854 30615 I ReactNativeJS:   mission_id: 26, | 08-14 18:16:27.626 28854 30615 I ReactNativeJS:   flush_path: 'http_fallback', | 08-14 18:16:27.626 28854 30615 I ReactNativeJS:   queue_item_id: 'trk_1786723792342_u8w2gqur', | 08-14 18:16:27.626 28854 30615 I Re"
"logcat_resume_T12_stabilize.txt","08-14 18:16:27.690","duplicate","duplicate_event_id_unproven","trk_1786723810647_11n415gl","26","","","","mob_mst5g6i3_5ipes4at","http_fallback","null","08-14 18:16:27.690 28854 30615 I ReactNativeJS: '[driver-telemetry] tracking.ingest.ack', { source: 'driver.tracking.queue', | 08-14 18:16:27.690 28854 30615 I ReactNativeJS:   mission_id: 26, | 08-14 18:16:27.690 28854 30615 I ReactNativeJS:   flush_path: 'http_fallback', | 08-14 18:16:27.690 28854 30615 I ReactNativeJS:   queue_item_id: 'trk_1786723810647_11n415gl', | 08-14 18:16:27.690 28854 30615 I Re"
"logcat_resume_T12_stabilize.txt","08-14 18:16:27.753","duplicate","duplicate_event_id_unproven","trk_1786723829101_tdhsi20c","26","","","","mob_mst5g6jv_ix8a5qfi","http_fallback","null","08-14 18:16:27.753 28854 30615 I ReactNativeJS: '[driver-telemetry] tracking.ingest.ack', { source: 'driver.tracking.queue', | 08-14 18:16:27.753 28854 30615 I ReactNativeJS:   mission_id: 26, | 08-14 18:16:27.753 28854 30615 I ReactNativeJS:   flush_path: 'http_fallback', | 08-14 18:16:27.753 28854 30615 I ReactNativeJS:   queue_item_id: 'trk_1786723829101_tdhsi20c', | 08-14 18:16:27.753 28854 30615 I Re"
"logcat_resume_T12_stabilize.txt","08-14 18:16:28.766","duplicate","duplicate_event_id_unproven","trk_1786723792342_u8w2gqur","26","","","","mob_mst5g75n_17cypvdu","http_fallback","null","08-14 18:16:28.766 28854 30615 I ReactNativeJS: '[driver-telemetry] tracking.ingest.ack', { source: 'driver.tracking.queue', | 08-14 18:16:28.766 28854 30615 I ReactNativeJS:   mission_id: 26, | 08-14 18:16:28.766 28854 30615 I ReactNativeJS:   flush_path: 'http_fallback', | 08-14 18:16:28.766 28854 30615 I ReactNativeJS:   queue_item_id: 'trk_1786723792342_u8w2gqur', | 08-14 18:16:28.766 28854 30615 I Re"
"logcat_resume_T12_stabilize.txt","08-14 18:16:29.281","ingested_non_persisted","ledger_ids_missing","trk_1786723810647_11n415gl","26","","","","mob_mst5g7dq_ywasg070","http_fallback","'queued_async'","08-14 18:16:29.281 28854 30615 I ReactNativeJS: '[driver-telemetry] tracking.ingest.ack', { source: 'driver.tracking.queue', | 08-14 18:16:29.281 28854 30615 I ReactNativeJS:   mission_id: 26, | 08-14 18:16:29.281 28854 30615 I ReactNativeJS:   flush_path: 'http_fallback', | 08-14 18:16:29.281 28854 30615 I ReactNativeJS:   queue_item_id: 'trk_1786723810647_11n415gl', | 08-14 18:16:29.281 28854 30615 I Re"
"logcat_resume_T12_stabilize.txt","08-14 18:16:29.449","ingested_non_persisted","ledger_ids_missing","trk_1786723829101_tdhsi20c","26","","","","mob_mst5g7s2_tfvyylnw","http_fallback","'queued_async'","08-14 18:16:29.449 28854 30615 I ReactNativeJS: '[driver-telemetry] tracking.ingest.ack', { source: 'driver.tracking.queue', | 08-14 18:16:29.449 28854 30615 I ReactNativeJS:   mission_id: 26, | 08-14 18:16:29.449 28854 30615 I ReactNativeJS:   flush_path: 'http_fallback', | 08-14 18:16:29.449 28854 30615 I ReactNativeJS:   queue_item_id: 'trk_1786723829101_tdhsi20c', | 08-14 18:16:29.449 28854 30615 I Re"
"logcat_resume_T12_stabilize.txt","08-14 18:16:29.584","ingested_non_persisted","ledger_ids_missing","trk_1786723792342_u8w2gqur","26","","","","mob_mst5g7wv_7581kak2","http_fallback","'queued_async'","08-14 18:16:29.584 28854 30615 I ReactNativeJS: '[driver-telemetry] tracking.ingest.ack', { source: 'driver.tracking.queue', | 08-14 18:16:29.584 28854 30615 I ReactNativeJS:   mission_id: 26, | 08-14 18:16:29.584 28854 30615 I ReactNativeJS:   flush_path: 'http_fallback', | 08-14 18:16:29.584 28854 30615 I ReactNativeJS:   queue_item_id: 'trk_1786723792342_u8w2gqur', | 08-14 18:16:29.584 28854 30615 I Re"
"logcat_resume_T12_stabilize.txt","08-14 18:16:29.667","duplicate","duplicate_event_id_unproven","trk_1786723810647_11n415gl","26","trk_sess_1786722711491_2h9hb2ps","","","mob_mst5g80h_gxn2f2mt","http_fallback","null","08-14 18:16:29.667 28854 30615 I ReactNativeJS: '[driver-telemetry] tracking.ingest.ack', { source: 'driver.tracking.queue', | 08-14 18:16:29.667 28854 30615 I ReactNativeJS:   mission_id: 26, | 08-14 18:16:29.667 28854 30615 I ReactNativeJS:   flush_path: 'http_fallback', | 08-14 18:16:29.667 28854 30615 I ReactNativeJS:   queue_item_id: 'trk_1786723810647_11n415gl', | 08-14 18:16:29.667 28854 30615 I Re"
"logcat_resume_T12_stabilize.txt","08-14 18:16:29.762","duplicate","duplicate_event_id_unproven","trk_1786723829101_tdhsi20c","26","","","","mob_mst5g82s_nehtbr4f","http_fallback","null","08-14 18:16:29.762 28854 30615 I ReactNativeJS: '[driver-telemetry] tracking.ingest.ack', { source: 'driver.tracking.queue', | 08-14 18:16:29.762 28854 30615 I ReactNativeJS:   mission_id: 26, | 08-14 18:16:29.762 28854 30615 I ReactNativeJS:   flush_path: 'http_fallback', | 08-14 18:16:29.762 28854 30615 I ReactNativeJS:   queue_item_id: 'trk_1786723829101_tdhsi20c', | 08-14 18:16:29.762 28854 30615 I Re"
"logcat_resume_T12_stabilize.txt","08-14 18:16:29.988","duplicate","duplicate_event_id_unproven","trk_1786723792342_u8w2gqur","26","","","","mob_mst5g89w_9ani2z1r","http_fallback","null","08-14 18:16:29.988 28854 30615 I ReactNativeJS: '[driver-telemetry] tracking.ingest.ack', { source: 'driver.tracking.queue', | 08-14 18:16:29.988 28854 30615 I ReactNativeJS:   mission_id: 26, | 08-14 18:16:29.988 28854 30615 I ReactNativeJS:   flush_path: 'http_fallback', | 08-14 18:16:29.988 28854 30615 I ReactNativeJS:   queue_item_id: 'trk_1786723792342_u8w2gqur', | 08-14 18:16:29.988 28854 30615 I Re"
"logcat_resume_T12_stabilize.txt","08-14 18:16:30.106","ingested_non_persisted","ledger_ids_missing","trk_1786723810647_11n415gl","26","","","","mob_mst5g8bo_vvbshd1x","http_fallback","'queued_async'","08-14 18:16:30.106 28854 30615 I ReactNativeJS: '[driver-telemetry] tracking.ingest.ack', { source: 'driver.tracking.queue', | 08-14 18:16:30.106 28854 30615 I ReactNativeJS:   mission_id: 26, | 08-14 18:16:30.106 28854 30615 I ReactNativeJS:   flush_path: 'http_fallback', | 08-14 18:16:30.106 28854 30615 I ReactNativeJS:   queue_item_id: 'trk_1786723810647_11n415gl', | 08-14 18:16:30.106 28854 30615 I Re"
"logcat_resume_T12_stabilize.txt","08-14 18:16:30.223","ingested_non_persisted","ledger_ids_missing","trk_1786723829101_tdhsi20c","26","","","","mob_mst5g8ez_leddoers","http_fallback","'queued_async'","08-14 18:16:30.223 28854 30615 I ReactNativeJS: '[driver-telemetry] tracking.ingest.ack', { source: 'driver.tracking.queue', | 08-14 18:16:30.223 28854 30615 I ReactNativeJS:   mission_id: 26, | 08-14 18:16:30.223 28854 30615 I ReactNativeJS:   flush_path: 'http_fallback', | 08-14 18:16:30.223 28854 30615 I ReactNativeJS:   queue_item_id: 'trk_1786723829101_tdhsi20c', | 08-14 18:16:30.223 28854 30615 I Re"
"logcat_resume_T12_stabilize.txt","08-14 18:16:30.992","ingested_non_persisted","ledger_ids_missing","trk_1786723792342_u8w2gqur","26","","","","mob_mst5g8xl_tvfd478m","http_fallback","'queued_async'","08-14 18:16:30.992 28854 30615 I ReactNativeJS: '[driver-telemetry] tracking.ingest.ack', { source: 'driver.tracking.queue', | 08-14 18:16:30.992 28854 30615 I ReactNativeJS:   mission_id: 26, | 08-14 18:16:30.992 28854 30615 I ReactNativeJS:   flush_path: 'http_fallback', | 08-14 18:16:30.992 28854 30615 I ReactNativeJS:   queue_item_id: 'trk_1786723792342_u8w2gqur', | 08-14 18:16:30.992 28854 30615 I Re"
"logcat_resume_T12_stabilize.txt","08-14 18:16:31.054","duplicate","duplicate_event_id_unproven","trk_1786723810647_11n415gl","26","","","","mob_mst5g93l_01k9njoy","http_fallback","null","08-14 18:16:31.054 28854 30615 I ReactNativeJS: '[driver-telemetry] tracking.ingest.ack', { source: 'driver.tracking.queue', | 08-14 18:16:31.054 28854 30615 I ReactNativeJS:   mission_id: 26, | 08-14 18:16:31.054 28854 30615 I ReactNativeJS:   flush_path: 'http_fallback', | 08-14 18:16:31.054 28854 30615 I ReactNativeJS:   queue_item_id: 'trk_1786723810647_11n415gl', | 08-14 18:16:31.054 28854 30615 I Re"
"logcat_resume_T12_stabilize.txt","08-14 18:16:31.112","duplicate","duplicate_event_id_unproven","trk_1786723829101_tdhsi20c","26","","","","mob_mst5g95b_e3xnjf9d","http_fallback","null","08-14 18:16:31.112 28854 30615 I ReactNativeJS: '[driver-telemetry] tracking.ingest.ack', { source: 'driver.tracking.queue', | 08-14 18:16:31.112 28854 30615 I ReactNativeJS:   mission_id: 26, | 08-14 18:16:31.112 28854 30615 I ReactNativeJS:   flush_path: 'http_fallback', | 08-14 18:16:31.112 28854 30615 I ReactNativeJS:   queue_item_id: 'trk_1786723829101_tdhsi20c', | 08-14 18:16:31.112 28854 30615 I Re"
"logcat_resume_T12_stabilize.txt","08-14 18:16:34.220","duplicate","duplicate_event_id_unproven","trk_1786723792342_u8w2gqur","26","","","","mob_mst5gbje_v2m1n8qc","http_fallback","null","08-14 18:16:34.220 28854 30615 I ReactNativeJS: '[driver-telemetry] tracking.ingest.ack', { source: 'driver.tracking.queue', | 08-14 18:16:34.220 28854 30615 I ReactNativeJS:   mission_id: 26, | 08-14 18:16:34.220 28854 30615 I ReactNativeJS:   flush_path: 'http_fallback', | 08-14 18:16:34.220 28854 30615 I ReactNativeJS:   queue_item_id: 'trk_1786723792342_u8w2gqur', | 08-14 18:16:34.220 28854 30615 I Re"
"logcat_resume_T12_stabilize.txt","08-14 18:16:34.331","ingested_non_persisted","ledger_ids_missing","trk_1786723810647_11n415gl","26","","","","mob_mst5gbl9_jv5jewtt","http_fallback","'queued_async'","08-14 18:16:34.331 28854 30615 I ReactNativeJS: '[driver-telemetry] tracking.ingest.ack', { source: 'driver.tracking.queue', | 08-14 18:16:34.331 28854 30615 I ReactNativeJS:   mission_id: 26, | 08-14 18:16:34.331 28854 30615 I ReactNativeJS:   flush_path: 'http_fallback', | 08-14 18:16:34.331 28854 30615 I ReactNativeJS:   queue_item_id: 'trk_1786723810647_11n415gl', | 08-14 18:16:34.331 28854 30615 I Re"
"logcat_resume_T12_stabilize.txt","08-14 18:16:34.446","ingested_non_persisted","ledger_ids_missing","trk_1786723829101_tdhsi20c","26","","","","mob_mst5gboc_ftumgyzk","http_fallback","'queued_async'","08-14 18:16:34.446 28854 30615 I ReactNativeJS: '[driver-telemetry] tracking.ingest.ack', { source: 'driver.tracking.queue', | 08-14 18:16:34.446 28854 30615 I ReactNativeJS:   mission_id: 26, | 08-14 18:16:34.446 28854 30615 I ReactNativeJS:   flush_path: 'http_fallback', | 08-14 18:16:34.446 28854 30615 I ReactNativeJS:   queue_item_id: 'trk_1786723829101_tdhsi20c', | 08-14 18:16:34.446 28854 30615 I Re"
"logcat_resume_T12_stabilize.txt","08-14 18:16:34.730","ingested_non_persisted","ledger_ids_missing","trk_1786723792342_u8w2gqur","26","","","","mob_mst5gbw7_5nrzphws","http_fallback","'queued_async'","08-14 18:16:34.730 28854 30615 I ReactNativeJS: '[driver-telemetry] tracking.ingest.ack', { source: 'driver.tracking.queue', | 08-14 18:16:34.730 28854 30615 I ReactNativeJS:   mission_id: 26, | 08-14 18:16:34.730 28854 30615 I ReactNativeJS:   flush_path: 'http_fallback', | 08-14 18:16:34.730 28854 30615 I ReactNativeJS:   queue_item_id: 'trk_1786723792342_u8w2gqur', | 08-14 18:16:34.730 28854 30615 I Re"
"logcat_resume_T12_stabilize.txt","08-14 18:16:34.793","duplicate","duplicate_event_id_unproven","trk_1786723810647_11n415gl","26","","","","mob_mst5gbzf_oakdtl86","http_fallback","null","08-14 18:16:34.793 28854 30615 I ReactNativeJS: '[driver-telemetry] tracking.ingest.ack', { source: 'driver.tracking.queue', | 08-14 18:16:34.793 28854 30615 I ReactNativeJS:   mission_id: 26, | 08-14 18:16:34.793 28854 30615 I ReactNativeJS:   flush_path: 'http_fallback', | 08-14 18:16:34.793 28854 30615 I ReactNativeJS:   queue_item_id: 'trk_1786723810647_11n415gl', | 08-14 18:16:34.793 28854 30615 I Re"
"logcat_resume_T12_stabilize.txt","08-14 18:16:34.859","duplicate","duplicate_event_id_unproven","trk_1786723829101_tdhsi20c","26","","","","mob_mst5gc16_egd9rojb","http_fallback","null","08-14 18:16:34.859 28854 30615 I ReactNativeJS: '[driver-telemetry] tracking.ingest.ack', { source: 'driver.tracking.queue', | 08-14 18:16:34.859 28854 30615 I ReactNativeJS:   mission_id: 26, | 08-14 18:16:34.859 28854 30615 I ReactNativeJS:   flush_path: 'http_fallback', | 08-14 18:16:34.859 28854 30615 I ReactNativeJS:   queue_item_id: 'trk_1786723829101_tdhsi20c', | 08-14 18:16:34.859 28854 30615 I Re"
"logcat_resume_T12_stabilize.txt","08-14 18:16:37.530","duplicate","duplicate_event_id_unproven","trk_1786723792342_u8w2gqur","26","","","","mob_mst5ge39_x0sjhu6w","http_fallback","null","08-14 18:16:37.530 28854 30615 I ReactNativeJS: '[driver-telemetry] tracking.ingest.ack', { source: 'driver.tracking.queue', | 08-14 18:16:37.530 28854 30615 I ReactNativeJS:   mission_id: 26, | 08-14 18:16:37.530 28854 30615 I ReactNativeJS:   flush_path: 'http_fallback', | 08-14 18:16:37.530 28854 30615 I ReactNativeJS:   queue_item_id: 'trk_1786723792342_u8w2gqur', | 08-14 18:16:37.530 28854 30615 I Re"
"logcat_resume_T12_stabilize.txt","08-14 18:16:37.639","ingested_non_persisted","ledger_ids_missing","trk_1786723810647_11n415gl","26","","","","mob_mst5ge57_b2ppkcjk","http_fallback","'queued_async'","08-14 18:16:37.639 28854 30615 I ReactNativeJS: '[driver-telemetry] tracking.ingest.ack', { source: 'driver.tracking.queue', | 08-14 18:16:37.639 28854 30615 I ReactNativeJS:   mission_id: 26, | 08-14 18:16:37.639 28854 30615 I ReactNativeJS:   flush_path: 'http_fallback', | 08-14 18:16:37.639 28854 30615 I ReactNativeJS:   queue_item_id: 'trk_1786723810647_11n415gl', | 08-14 18:16:37.639 28854 30615 I Re"
"logcat_resume_T12_stabilize.txt","08-14 18:16:37.761","ingested_non_persisted","ledger_ids_missing","trk_1786723829101_tdhsi20c","26","","","","mob_mst5ge88_7hym3k6o","http_fallback","'queued_async'","08-14 18:16:37.761 28854 30615 I ReactNativeJS: '[driver-telemetry] tracking.ingest.ack', { source: 'driver.tracking.queue', | 08-14 18:16:37.761 28854 30615 I ReactNativeJS:   mission_id: 26, | 08-14 18:16:37.761 28854 30615 I ReactNativeJS:   flush_path: 'http_fallback', | 08-14 18:16:37.761 28854 30615 I ReactNativeJS:   queue_item_id: 'trk_1786723829101_tdhsi20c', | 08-14 18:16:37.761 28854 30615 I Re"
"logcat_resume_T12_stabilize.txt","08-14 18:16:40.915","ingested_non_persisted","ledger_ids_missing","trk_1786723792342_u8w2gqur","26","","","","mob_mst5ggo0_38jf6x3e","http_fallback","'queued_async'","08-14 18:16:40.915 28854 30615 I ReactNativeJS: '[driver-telemetry] tracking.ingest.ack', { source: 'driver.tracking.queue', | 08-14 18:16:40.915 28854 30615 I ReactNativeJS:   mission_id: 26, | 08-14 18:16:40.915 28854 30615 I ReactNativeJS:   flush_path: 'http_fallback', | 08-14 18:16:40.915 28854 30615 I ReactNativeJS:   queue_item_id: 'trk_1786723792342_u8w2gqur', | 08-14 18:16:40.915 28854 30615 I Re"
"logcat_resume_T12_stabilize.txt","08-14 18:16:40.976","duplicate","duplicate_event_id_unproven","trk_1786723810647_11n415gl","26","","","","mob_mst5ggr7_5lnntf0f","http_fallback","null","08-14 18:16:40.976 28854 30615 I ReactNativeJS: '[driver-telemetry] tracking.ingest.ack', { source: 'driver.tracking.queue', | 08-14 18:16:40.976 28854 30615 I ReactNativeJS:   mission_id: 26, | 08-14 18:16:40.976 28854 30615 I ReactNativeJS:   flush_path: 'http_fallback', | 08-14 18:16:40.976 28854 30615 I ReactNativeJS:   queue_item_id: 'trk_1786723810647_11n415gl', | 08-14 18:16:40.976 28854 30615 I Re"
"logcat_resume_T12_stabilize.txt","08-14 18:16:41.038","duplicate","duplicate_event_id_unproven","trk_1786723829101_tdhsi20c","26","","","","mob_mst5ggsx_n5rafemx","http_fallback","null","08-14 18:16:41.038 28854 30615 I ReactNativeJS: '[driver-telemetry] tracking.ingest.ack', { source: 'driver.tracking.queue', | 08-14 18:16:41.038 28854 30615 I ReactNativeJS:   mission_id: 26, | 08-14 18:16:41.038 28854 30615 I ReactNativeJS:   flush_path: 'http_fallback', | 08-14 18:16:41.038 28854 30615 I ReactNativeJS:   queue_item_id: 'trk_1786723829101_tdhsi20c', | 08-14 18:16:41.038 28854 30615 I Re"
"logcat_resume_T12_stabilize.txt","08-14 18:17:04.731","duplicate","duplicate_event_id_unproven","trk_1786723792342_u8w2gqur","26","","","","mob_mst5gz30_j1iv2yde","http_fallback","null","08-14 18:17:04.731 28854 30615 I ReactNativeJS: '[driver-telemetry] tracking.ingest.ack', { source: 'driver.tracking.queue', | 08-14 18:17:04.731 28854 30615 I ReactNativeJS:   mission_id: 26, | 08-14 18:17:04.731 28854 30615 I ReactNativeJS:   flush_path: 'http_fallback', | 08-14 18:17:04.731 28854 30615 I ReactNativeJS:   queue_item_id: 'trk_1786723792342_u8w2gqur', | 08-14 18:17:04.731 28854 30615 I Re"
"logcat_resume_T12_stabilize.txt","08-14 18:17:04.830","ingested_non_persisted","ledger_ids_missing","trk_1786723810647_11n415gl","26","","","","mob_mst5gz4s_nlmdr16a","http_fallback","'queued_async'","08-14 18:17:04.830 28854 30615 I ReactNativeJS: '[driver-telemetry] tracking.ingest.ack', { source: 'driver.tracking.queue', | 08-14 18:17:04.830 28854 30615 I ReactNativeJS:   mission_id: 26, | 08-14 18:17:04.830 28854 30615 I ReactNativeJS:   flush_path: 'http_fallback', | 08-14 18:17:04.830 28854 30615 I ReactNativeJS:   queue_item_id: 'trk_1786723810647_11n415gl', | 08-14 18:17:04.830 28854 30615 I Re"
"logcat_resume_T12_stabilize.txt","08-14 18:17:04.918","ingested_non_persisted","ledger_ids_missing","trk_1786723829101_tdhsi20c","26","","","","mob_mst5gz7j_nmu9seq1","http_fallback","'queued_async'","08-14 18:17:04.918 28854 30615 I ReactNativeJS: '[driver-telemetry] tracking.ingest.ack', { source: 'driver.tracking.queue', | 08-14 18:17:04.918 28854 30615 I ReactNativeJS:   mission_id: 26, | 08-14 18:17:04.918 28854 30615 I ReactNativeJS:   flush_path: 'http_fallback', | 08-14 18:17:04.918 28854 30615 I ReactNativeJS:   queue_item_id: 'trk_1786723829101_tdhsi20c', | 08-14 18:17:04.918 28854 30615 I Re"
"logcat_resume_T12_stabilize.txt","08-14 18:17:08.134","ingested_non_persisted","ledger_ids_missing","trk_1786723792342_u8w2gqur","26","","","","mob_mst5h1mh_6eb60s9e","http_fallback","'queued_async'","08-14 18:17:08.134 28854 30615 I ReactNativeJS: '[driver-telemetry] tracking.ingest.ack', { source: 'driver.tracking.queue', | 08-14 18:17:08.134 28854 30615 I ReactNativeJS:   mission_id: 26, | 08-14 18:17:08.134 28854 30615 I ReactNativeJS:   flush_path: 'http_fallback', | 08-14 18:17:08.134 28854 30615 I ReactNativeJS:   queue_item_id: 'trk_1786723792342_u8w2gqur', | 08-14 18:17:08.134 28854 30615 I Re"
"logcat_resume_T12_stabilize.txt","08-14 18:17:08.197","duplicate","duplicate_event_id_unproven","trk_1786723810647_11n415gl","26","","","","mob_mst5h1rc_opa0boy3","http_fallback","null","08-14 18:17:08.197 28854 30615 I ReactNativeJS: '[driver-telemetry] tracking.ingest.ack', { source: 'driver.tracking.queue', | 08-14 18:17:08.197 28854 30615 I ReactNativeJS:   mission_id: 26, | 08-14 18:17:08.197 28854 30615 I ReactNativeJS:   flush_path: 'http_fallback', | 08-14 18:17:08.197 28854 30615 I ReactNativeJS:   queue_item_id: 'trk_1786723810647_11n415gl', | 08-14 18:17:08.197 28854 30615 I Re"
"logcat_resume_T12_stabilize.txt","08-14 18:17:08.261","duplicate","duplicate_event_id_unproven","trk_1786723829101_tdhsi20c","26","","","","mob_mst5h1t2_3ylefh1g","http_fallback","null","08-14 18:17:08.261 28854 30615 I ReactNativeJS: '[driver-telemetry] tracking.ingest.ack', { source: 'driver.tracking.queue', | 08-14 18:17:08.261 28854 30615 I ReactNativeJS:   mission_id: 26, | 08-14 18:17:08.261 28854 30615 I ReactNativeJS:   flush_path: 'http_fallback', | 08-14 18:17:08.261 28854 30615 I ReactNativeJS:   queue_item_id: 'trk_1786723829101_tdhsi20c', | 08-14 18:17:08.261 28854 30615 I Re"
"logcat_resume_T12_stabilize.txt","08-14 18:17:11.385","duplicate","duplicate_event_id_unproven","trk_1786723792342_u8w2gqur","26","","","","mob_mst5h475_ngx5yccn","http_fallback","null","08-14 18:17:11.385 28854 30615 I ReactNativeJS: '[driver-telemetry] tracking.ingest.ack', { source: 'driver.tracking.queue', | 08-14 18:17:11.385 28854 30615 I ReactNativeJS:   mission_id: 26, | 08-14 18:17:11.385 28854 30615 I ReactNativeJS:   flush_path: 'http_fallback', | 08-14 18:17:11.385 28854 30615 I ReactNativeJS:   queue_item_id: 'trk_1786723792342_u8w2gqur', | 08-14 18:17:11.385 28854 30615 I Re"
"logcat_resume_T12_stabilize.txt","08-14 18:17:15.486","ingested_non_persisted","ledger_ids_missing","trk_1786723810647_11n415gl","26","","","","mob_mst5h49m_zt0nxisp","http_fallback","'queued_async'","08-14 18:17:15.486 28854 30615 I ReactNativeJS: '[driver-telemetry] tracking.ingest.ack', { source: 'driver.tracking.queue', | 08-14 18:17:15.486 28854 30615 I ReactNativeJS:   mission_id: 26, | 08-14 18:17:15.486 28854 30615 I ReactNativeJS:   flush_path: 'http_fallback', | 08-14 18:17:15.486 28854 30615 I ReactNativeJS:   queue_item_id: 'trk_1786723810647_11n415gl', | 08-14 18:17:15.486 28854 30615 I Re"
"logcat_resume_T12_stabilize.txt","08-14 18:17:15.613","ingested_non_persisted","ledger_ids_missing","trk_1786723829101_tdhsi20c","26","","","","mob_mst5h7fk_0igugfxe","http_fallback","'queued_async'","08-14 18:17:15.613 28854 30615 I ReactNativeJS: '[driver-telemetry] tracking.ingest.ack', { source: 'driver.tracking.queue', | 08-14 18:17:15.613 28854 30615 I ReactNativeJS:   mission_id: 26, | 08-14 18:17:15.613 28854 30615 I ReactNativeJS:   flush_path: 'http_fallback', | 08-14 18:17:15.613 28854 30615 I ReactNativeJS:   queue_item_id: 'trk_1786723829101_tdhsi20c', | 08-14 18:17:15.613 28854 30615 I Re"
"logcat_resume_T12_stabilize.txt","08-14 18:17:15.729","ingested_non_persisted","ledger_ids_missing","trk_1786723792342_u8w2gqur","26","","","","mob_mst5h7j6_h5m28ii9","http_fallback","'queued_async'","08-14 18:17:15.729 28854 30615 I ReactNativeJS: '[driver-telemetry] tracking.ingest.ack', { source: 'driver.tracking.queue', | 08-14 18:17:15.729 28854 30615 I ReactNativeJS:   mission_id: 26, | 08-14 18:17:15.729 28854 30615 I ReactNativeJS:   flush_path: 'http_fallback', | 08-14 18:17:15.729 28854 30615 I ReactNativeJS:   queue_item_id: 'trk_1786723792342_u8w2gqur', | 08-14 18:17:15.729 28854 30615 I Re"
"logcat_resume_T12_stabilize.txt","08-14 18:17:15.797","duplicate","duplicate_event_id_unproven","trk_1786723810647_11n415gl","26","","","","mob_mst5h7ma_kli4rppe","http_fallback","null","08-14 18:17:15.797 28854 30615 I ReactNativeJS: '[driver-telemetry] tracking.ingest.ack', { source: 'driver.tracking.queue', | 08-14 18:17:15.797 28854 30615 I ReactNativeJS:   mission_id: 26, | 08-14 18:17:15.797 28854 30615 I ReactNativeJS:   flush_path: 'http_fallback', | 08-14 18:17:15.797 28854 30615 I ReactNativeJS:   queue_item_id: 'trk_1786723810647_11n415gl', | 08-14 18:17:15.797 28854 30615 I Re"
"logcat_resume_T12_stabilize.txt","08-14 18:17:15.862","duplicate","duplicate_event_id_unproven","trk_1786723829101_tdhsi20c","26","","","","mob_mst5h7o6_4bpwf5ly","http_fallback","null","08-14 18:17:15.862 28854 30615 I ReactNativeJS: '[driver-telemetry] tracking.ingest.ack', { source: 'driver.tracking.queue', | 08-14 18:17:15.862 28854 30615 I ReactNativeJS:   mission_id: 26, | 08-14 18:17:15.862 28854 30615 I ReactNativeJS:   flush_path: 'http_fallback', | 08-14 18:17:15.862 28854 30615 I ReactNativeJS:   queue_item_id: 'trk_1786723829101_tdhsi20c', | 08-14 18:17:15.862 28854 30615 I Re"
"logcat_resume_T12_stabilize.txt","08-14 18:17:18.758","duplicate","duplicate_event_id_unproven","trk_1786723792342_u8w2gqur","26","","","","mob_mst5h9v6_u8r44vw4","http_fallback","null","08-14 18:17:18.758 28854 30615 I ReactNativeJS: '[driver-telemetry] tracking.ingest.ack', { source: 'driver.tracking.queue', | 08-14 18:17:18.758 28854 30615 I ReactNativeJS:   mission_id: 26, | 08-14 18:17:18.758 28854 30615 I ReactNativeJS:   flush_path: 'http_fallback', | 08-14 18:17:18.758 28854 30615 I ReactNativeJS:   queue_item_id: 'trk_1786723792342_u8w2gqur', | 08-14 18:17:18.758 28854 30615 I Re"
"logcat_resume_T12_stabilize.txt","08-14 18:17:18.880","ingested_non_persisted","ledger_ids_missing","trk_1786723810647_11n415gl","26","","","","mob_mst5h9yf_5jzsr7vm","http_fallback","'queued_async'","08-14 18:17:18.880 28854 30615 I ReactNativeJS: '[driver-telemetry] tracking.ingest.ack', { source: 'driver.tracking.queue', | 08-14 18:17:18.880 28854 30615 I ReactNativeJS:   mission_id: 26, | 08-14 18:17:18.880 28854 30615 I ReactNativeJS:   flush_path: 'http_fallback', | 08-14 18:17:18.880 28854 30615 I ReactNativeJS:   queue_item_id: 'trk_1786723810647_11n415gl', | 08-14 18:17:18.880 28854 30615 I Re"
"logcat_resume_T12_stabilize.txt","08-14 18:17:18.978","ingested_non_persisted","ledger_ids_missing","trk_1786723829101_tdhsi20c","26","","","","mob_mst5ha1t_k6zu3smf","http_fallback","'queued_async'","08-14 18:17:18.978 28854 30615 I ReactNativeJS: '[driver-telemetry] tracking.ingest.ack', { source: 'driver.tracking.queue', | 08-14 18:17:18.978 28854 30615 I ReactNativeJS:   mission_id: 26, | 08-14 18:17:18.978 28854 30615 I ReactNativeJS:   flush_path: 'http_fallback', | 08-14 18:17:18.978 28854 30615 I ReactNativeJS:   queue_item_id: 'trk_1786723829101_tdhsi20c', | 08-14 18:17:18.978 28854 30615 I Re"
"logcat_resume_T12_stabilize.txt","08-14 18:17:22.143","ingested_non_persisted","ledger_ids_missing","trk_1786723792342_u8w2gqur","26","","","","mob_mst5hch0_m2gl3kqm","http_fallback","'queued_async'","08-14 18:17:22.143 28854 30615 I ReactNativeJS: '[driver-telemetry] tracking.ingest.ack', { source: 'driver.tracking.queue', | 08-14 18:17:22.143 28854 30615 I ReactNativeJS:   mission_id: 26, | 08-14 18:17:22.143 28854 30615 I ReactNativeJS:   flush_path: 'http_fallback', | 08-14 18:17:22.143 28854 30615 I ReactNativeJS:   queue_item_id: 'trk_1786723792342_u8w2gqur', | 08-14 18:17:22.143 28854 30615 I Re"
"logcat_resume_T12_stabilize.txt","08-14 18:17:22.217","duplicate","duplicate_event_id_unproven","trk_1786723810647_11n415gl","26","","","","mob_mst5hckg_i8kzexso","http_fallback","null","08-14 18:17:22.217 28854 30615 I ReactNativeJS: '[driver-telemetry] tracking.ingest.ack', { source: 'driver.tracking.queue', | 08-14 18:17:22.217 28854 30615 I ReactNativeJS:   mission_id: 26, | 08-14 18:17:22.217 28854 30615 I ReactNativeJS:   flush_path: 'http_fallback', | 08-14 18:17:22.217 28854 30615 I ReactNativeJS:   queue_item_id: 'trk_1786723810647_11n415gl', | 08-14 18:17:22.217 28854 30615 I Re"
"logcat_resume_T12_stabilize.txt","08-14 18:17:22.276","duplicate","duplicate_event_id_unproven","trk_1786723829101_tdhsi20c","26","","","","mob_mst5hcmi_nmb7aanb","http_fallback","null","08-14 18:17:22.276 28854 30615 I ReactNativeJS: '[driver-telemetry] tracking.ingest.ack', { source: 'driver.tracking.queue', | 08-14 18:17:22.276 28854 30615 I ReactNativeJS:   mission_id: 26, | 08-14 18:17:22.276 28854 30615 I ReactNativeJS:   flush_path: 'http_fallback', | 08-14 18:17:22.276 28854 30615 I ReactNativeJS:   queue_item_id: 'trk_1786723829101_tdhsi20c', | 08-14 18:17:22.276 28854 30615 I Re"
"logcat_resume_T12_stabilize.txt","08-14 18:17:24.761","duplicate","duplicate_event_id_unproven","trk_1786723792342_u8w2gqur","26","","","","mob_mst5heji_6v0sv0ee","http_fallback","null","08-14 18:17:24.761 28854 30615 I ReactNativeJS: '[driver-telemetry] tracking.ingest.ack', { source: 'driver.tracking.queue', | 08-14 18:17:24.761 28854 30615 I ReactNativeJS:   mission_id: 26, | 08-14 18:17:24.761 28854 30615 I ReactNativeJS:   flush_path: 'http_fallback', | 08-14 18:17:24.761 28854 30615 I ReactNativeJS:   queue_item_id: 'trk_1786723792342_u8w2gqur', | 08-14 18:17:24.761 28854 30615 I Re"
"logcat_resume_T12_stabilize.txt","08-14 18:17:24.881","ingested_non_persisted","ledger_ids_missing","trk_1786723810647_11n415gl","26","","","","mob_mst5hel5_gzjzqxf2","http_fallback","'queued_async'","08-14 18:17:24.881 28854 30615 I ReactNativeJS: '[driver-telemetry] tracking.ingest.ack', { source: 'driver.tracking.queue', | 08-14 18:17:24.881 28854 30615 I ReactNativeJS:   mission_id: 26, | 08-14 18:17:24.881 28854 30615 I ReactNativeJS:   flush_path: 'http_fallback', | 08-14 18:17:24.881 28854 30615 I ReactNativeJS:   queue_item_id: 'trk_1786723810647_11n415gl', | 08-14 18:17:24.881 28854 30615 I Re"
"logcat_resume_T12_stabilize.txt","08-14 18:17:24.970","ingested_non_persisted","ledger_ids_missing","trk_1786723829101_tdhsi20c","26","","","","mob_mst5heoi_8fknecgi","http_fallback","'queued_async'","08-14 18:17:24.970 28854 30615 I ReactNativeJS: '[driver-telemetry] tracking.ingest.ack', { source: 'driver.tracking.queue', | 08-14 18:17:24.970 28854 30615 I ReactNativeJS:   mission_id: 26, | 08-14 18:17:24.970 28854 30615 I ReactNativeJS:   flush_path: 'http_fallback', | 08-14 18:17:24.970 28854 30615 I ReactNativeJS:   queue_item_id: 'trk_1786723829101_tdhsi20c', | 08-14 18:17:24.970 28854 30615 I Re"
"logcat_resume_T12_stabilize.txt","08-14 18:17:25.408","ingested_non_persisted","ledger_ids_missing","trk_1786723792342_u8w2gqur","26","","","","mob_mst5hf0j_d21s81uj","http_fallback","'queued_async'","08-14 18:17:25.408 28854 30615 I ReactNativeJS: '[driver-telemetry] tracking.ingest.ack', { source: 'driver.tracking.queue', | 08-14 18:17:25.408 28854 30615 I ReactNativeJS:   mission_id: 26, | 08-14 18:17:25.408 28854 30615 I ReactNativeJS:   flush_path: 'http_fallback', | 08-14 18:17:25.408 28854 30615 I ReactNativeJS:   queue_item_id: 'trk_1786723792342_u8w2gqur', | 08-14 18:17:25.408 28854 30615 I Re"
"logcat_resume_T12_stabilize.txt","08-14 18:17:25.527","duplicate","duplicate_event_id_unproven","trk_1786723810647_11n415gl","26","","","","mob_mst5hf35_1fsm3olk","http_fallback","null","08-14 18:17:25.527 28854 30615 I ReactNativeJS: '[driver-telemetry] tracking.ingest.ack', { source: 'driver.tracking.queue', | 08-14 18:17:25.527 28854 30615 I ReactNativeJS:   mission_id: 26, | 08-14 18:17:25.527 28854 30615 I ReactNativeJS:   flush_path: 'http_fallback', | 08-14 18:17:25.527 28854 30615 I ReactNativeJS:   queue_item_id: 'trk_1786723810647_11n415gl', | 08-14 18:17:25.527 28854 30615 I Re"
"logcat_resume_T12_stabilize.txt","08-14 18:17:25.592","duplicate","duplicate_event_id_unproven","trk_1786723829101_tdhsi20c","26","","","","mob_mst5hf6g_b8rgxmzl","http_fallback","null","08-14 18:17:25.592 28854 30615 I ReactNativeJS: '[driver-telemetry] tracking.ingest.ack', { source: 'driver.tracking.queue', | 08-14 18:17:25.592 28854 30615 I ReactNativeJS:   mission_id: 26, | 08-14 18:17:25.592 28854 30615 I ReactNativeJS:   flush_path: 'http_fallback', | 08-14 18:17:25.592 28854 30615 I ReactNativeJS:   queue_item_id: 'trk_1786723829101_tdhsi20c', | 08-14 18:17:25.592 28854 30615 I Re"
"logcat_resume_T12_stabilize.txt","08-14 18:17:28.709","duplicate","duplicate_event_id_unproven","trk_1786723792342_u8w2gqur","26","","","","mob_mst5hhks_sff3cpvj","http_fallback","null","08-14 18:17:28.709 28854 30615 I ReactNativeJS: '[driver-telemetry] tracking.ingest.ack', { source: 'driver.tracking.queue', | 08-14 18:17:28.709 28854 30615 I ReactNativeJS:   mission_id: 26, | 08-14 18:17:28.709 28854 30615 I ReactNativeJS:   flush_path: 'http_fallback', | 08-14 18:17:28.709 28854 30615 I ReactNativeJS:   queue_item_id: 'trk_1786723792342_u8w2gqur', | 08-14 18:17:28.709 28854 30615 I Re"
"logcat_resume_T12_stabilize.txt","08-14 18:17:28.926","ingested_non_persisted","ledger_ids_missing","trk_1786723810647_11n415gl","26","","","","mob_mst5hhmu_qhzp8sgm","http_fallback","'queued_async'","08-14 18:17:28.926 28854 30615 I ReactNativeJS: '[driver-telemetry] tracking.ingest.ack', { source: 'driver.tracking.queue', | 08-14 18:17:28.926 28854 30615 I ReactNativeJS:   mission_id: 26, | 08-14 18:17:28.926 28854 30615 I ReactNativeJS:   flush_path: 'http_fallback', | 08-14 18:17:28.926 28854 30615 I ReactNativeJS:   queue_item_id: 'trk_1786723810647_11n415gl', | 08-14 18:17:28.926 28854 30615 I Re"
"logcat_resume_T12_stabilize.txt","08-14 18:17:29.131","ingested_non_persisted","ledger_ids_missing","trk_1786723829101_tdhsi20c","26","","","","mob_mst5hhsx_23m5i9e5","http_fallback","'queued_async'","08-14 18:17:29.131 28854 30615 I ReactNativeJS: '[driver-telemetry] tracking.ingest.ack', { source: 'driver.tracking.queue', | 08-14 18:17:29.131 28854 30615 I ReactNativeJS:   mission_id: 26, | 08-14 18:17:29.131 28854 30615 I ReactNativeJS:   flush_path: 'http_fallback', | 08-14 18:17:29.131 28854 30615 I ReactNativeJS:   queue_item_id: 'trk_1786723829101_tdhsi20c', | 08-14 18:17:29.131 28854 30615 I Re"
"logcat_resume_T12_stabilize.txt","08-14 18:17:29.367","ingested_non_persisted","ledger_ids_missing","trk_1786723792342_u8w2gqur","26","","","","mob_mst5hhyn_wfchxbxs","http_fallback","'queued_async'","08-14 18:17:29.367 28854 30615 I ReactNativeJS: '[driver-telemetry] tracking.ingest.ack', { source: 'driver.tracking.queue', | 08-14 18:17:29.367 28854 30615 I ReactNativeJS:   mission_id: 26, | 08-14 18:17:29.367 28854 30615 I ReactNativeJS:   flush_path: 'http_fallback', | 08-14 18:17:29.367 28854 30615 I ReactNativeJS:   queue_item_id: 'trk_1786723792342_u8w2gqur', | 08-14 18:17:29.367 28854 30615 I Re"
"logcat_resume_T12_stabilize.txt","08-14 18:17:29.432","duplicate","duplicate_event_id_unproven","trk_1786723810647_11n415gl","26","","","","mob_mst5hi54_3vw39ago","http_fallback","null","08-14 18:17:29.432 28854 30615 I ReactNativeJS: '[driver-telemetry] tracking.ingest.ack', { source: 'driver.tracking.queue', | 08-14 18:17:29.432 28854 30615 I ReactNativeJS:   mission_id: 26, | 08-14 18:17:29.432 28854 30615 I ReactNativeJS:   flush_path: 'http_fallback', | 08-14 18:17:29.432 28854 30615 I ReactNativeJS:   queue_item_id: 'trk_1786723810647_11n415gl', | 08-14 18:17:29.432 28854 30615 I Re"
"logcat_resume_T12_stabilize.txt","08-14 18:17:29.501","duplicate","duplicate_event_id_unproven","trk_1786723829101_tdhsi20c","26","","","","mob_mst5hi6x_zoe0cqiv","http_fallback","null","08-14 18:17:29.501 28854 30615 I ReactNativeJS: '[driver-telemetry] tracking.ingest.ack', { source: 'driver.tracking.queue', | 08-14 18:17:29.501 28854 30615 I ReactNativeJS:   mission_id: 26, | 08-14 18:17:29.501 28854 30615 I ReactNativeJS:   flush_path: 'http_fallback', | 08-14 18:17:29.501 28854 30615 I ReactNativeJS:   queue_item_id: 'trk_1786723829101_tdhsi20c', | 08-14 18:17:29.501 28854 30615 I Re"
"logcat_resume_T12_stabilize.txt","08-14 18:17:32.239","duplicate","duplicate_event_id_unproven","trk_1786723792342_u8w2gqur","26","","","","mob_mst5hkb4_jbuezwlu","http_fallback","null","08-14 18:17:32.239 28854 30615 I ReactNativeJS: '[driver-telemetry] tracking.ingest.ack', { source: 'driver.tracking.queue', | 08-14 18:17:32.239 28854 30615 I ReactNativeJS:   mission_id: 26, | 08-14 18:17:32.239 28854 30615 I ReactNativeJS:   flush_path: 'http_fallback', | 08-14 18:17:32.239 28854 30615 I ReactNativeJS:   queue_item_id: 'trk_1786723792342_u8w2gqur', | 08-14 18:17:32.239 28854 30615 I Re"
"logcat_resume_T12_stabilize.txt","08-14 18:17:32.390","ingested_non_persisted","ledger_ids_missing","trk_1786723810647_11n415gl","26","trk_sess_1786724248886_i4o0xuxm","1","","mob_mst5hkcw_33zyyi0n","http_fallback","'queued_async'","08-14 18:17:32.390 28854 30615 I ReactNativeJS: '[driver-telemetry] tracking.ingest.ack', { source: 'driver.tracking.queue', | 08-14 18:17:32.390 28854 30615 I ReactNativeJS:   mission_id: 26, | 08-14 18:17:32.390 28854 30615 I ReactNativeJS:   flush_path: 'http_fallback', | 08-14 18:17:32.390 28854 30615 I ReactNativeJS:   queue_item_id: 'trk_1786723810647_11n415gl', | 08-14 18:17:32.390 28854 30615 I Re"
"logcat_resume_T12_stabilize.txt","08-14 18:17:32.481","ingested_non_persisted","ledger_ids_missing","trk_1786723829101_tdhsi20c","26","","","","mob_mst5hkh2_rowyhaqx","http_fallback","'queued_async'","08-14 18:17:32.481 28854 30615 I ReactNativeJS: '[driver-telemetry] tracking.ingest.ack', { source: 'driver.tracking.queue', | 08-14 18:17:32.481 28854 30615 I ReactNativeJS:   mission_id: 26, | 08-14 18:17:32.481 28854 30615 I ReactNativeJS:   flush_path: 'http_fallback', | 08-14 18:17:32.481 28854 30615 I ReactNativeJS:   queue_item_id: 'trk_1786723829101_tdhsi20c', | 08-14 18:17:32.481 28854 30615 I Re"
"logcat_resume_T12_stabilize.txt","08-14 18:17:32.590","ingested_non_persisted","ledger_ids_missing","trk_1786723792342_u8w2gqur","26","","","","mob_mst5hkjp_mz7hm7q3","http_fallback","'queued_async'","08-14 18:17:32.590 28854 30615 I ReactNativeJS: '[driver-telemetry] tracking.ingest.ack', { source: 'driver.tracking.queue', | 08-14 18:17:32.590 28854 30615 I ReactNativeJS:   mission_id: 26, | 08-14 18:17:32.590 28854 30615 I ReactNativeJS:   flush_path: 'http_fallback', | 08-14 18:17:32.590 28854 30615 I ReactNativeJS:   queue_item_id: 'trk_1786723792342_u8w2gqur', | 08-14 18:17:32.590 28854 30615 I Re"
"logcat_resume_T12_stabilize.txt","08-14 18:17:32.689","duplicate","duplicate_event_id_unproven","trk_1786723810647_11n415gl","26","","","","mob_mst5hkmn_fh0wfr0g","http_fallback","null","08-14 18:17:32.689 28854 30615 I ReactNativeJS: '[driver-telemetry] tracking.ingest.ack', { source: 'driver.tracking.queue', | 08-14 18:17:32.689 28854 30615 I ReactNativeJS:   mission_id: 26, | 08-14 18:17:32.689 28854 30615 I ReactNativeJS:   flush_path: 'http_fallback', | 08-14 18:17:32.689 28854 30615 I ReactNativeJS:   queue_item_id: 'trk_1786723810647_11n415gl', | 08-14 18:17:32.689 28854 30615 I Re"
"logcat_resume_T12_stabilize.txt","08-14 18:17:32.781","duplicate","duplicate_event_id_unproven","trk_1786723829101_tdhsi20c","26","","","","mob_mst5hkpe_a5lwu1ev","http_fallback","null","08-14 18:17:32.781 28854 30615 I ReactNativeJS: '[driver-telemetry] tracking.ingest.ack', { source: 'driver.tracking.queue', | 08-14 18:17:32.781 28854 30615 I ReactNativeJS:   mission_id: 26, | 08-14 18:17:32.781 28854 30615 I ReactNativeJS:   flush_path: 'http_fallback', | 08-14 18:17:32.781 28854 30615 I ReactNativeJS:   queue_item_id: 'trk_1786723829101_tdhsi20c', | 08-14 18:17:32.781 28854 30615 I Re"
"logcat_resume_T12_stabilize.txt","08-14 18:17:34.767","duplicate","duplicate_event_id_unproven","trk_1786723792342_u8w2gqur","26","","","","mob_mst5hm95_tac59bot","http_fallback","null","08-14 18:17:34.767 28854 30615 I ReactNativeJS: '[driver-telemetry] tracking.ingest.ack', { source: 'driver.tracking.queue', | 08-14 18:17:34.767 28854 30615 I ReactNativeJS:   mission_id: 26, | 08-14 18:17:34.767 28854 30615 I ReactNativeJS:   flush_path: 'http_fallback', | 08-14 18:17:34.767 28854 30615 I ReactNativeJS:   queue_item_id: 'trk_1786723792342_u8w2gqur', | 08-14 18:17:34.767 28854 30615 I Re"
"logcat_resume_T12_stabilize.txt","08-14 18:17:34.859","ingested_non_persisted","ledger_ids_missing","trk_1786723810647_11n415gl","26","","","","mob_mst5hmb4_u6zx0ag6","http_fallback","'queued_async'","08-14 18:17:34.859 28854 30615 I ReactNativeJS: '[driver-telemetry] tracking.ingest.ack', { source: 'driver.tracking.queue', | 08-14 18:17:34.859 28854 30615 I ReactNativeJS:   mission_id: 26, | 08-14 18:17:34.859 28854 30615 I ReactNativeJS:   flush_path: 'http_fallback', | 08-14 18:17:34.859 28854 30615 I ReactNativeJS:   queue_item_id: 'trk_1786723810647_11n415gl', | 08-14 18:17:34.859 28854 30615 I Re"
"logcat_resume_T12_stabilize.txt","08-14 18:17:34.943","ingested_non_persisted","ledger_ids_missing","trk_1786723829101_tdhsi20c","26","","","","mob_mst5hmdo_818rva3n","http_fallback","'queued_async'","08-14 18:17:34.943 28854 30615 I ReactNativeJS: '[driver-telemetry] tracking.ingest.ack', { source: 'driver.tracking.queue', | 08-14 18:17:34.943 28854 30615 I ReactNativeJS:   mission_id: 26, | 08-14 18:17:34.943 28854 30615 I ReactNativeJS:   flush_path: 'http_fallback', | 08-14 18:17:34.943 28854 30615 I ReactNativeJS:   queue_item_id: 'trk_1786723829101_tdhsi20c', | 08-14 18:17:34.943 28854 30615 I Re"
"logcat_resume_T12_stabilize.txt","08-14 18:17:35.649","ingested_non_persisted","ledger_ids_missing","trk_1786723792342_u8w2gqur","26","trk_sess_1786722711491_2h9hb2ps","","","mob_mst5hmv9_2zpnq3ca","http_fallback","'queued_async'","08-14 18:17:35.649 28854 30615 I ReactNativeJS: '[driver-telemetry] tracking.ingest.ack', { source: 'driver.tracking.queue', | 08-14 18:17:35.649 28854 30615 I ReactNativeJS:   mission_id: 26, | 08-14 18:17:35.649 28854 30615 I ReactNativeJS:   flush_path: 'http_fallback', | 08-14 18:17:35.649 28854 30615 I ReactNativeJS:   queue_item_id: 'trk_1786723792342_u8w2gqur', | 08-14 18:17:35.649 28854 30615 I Re"
"logcat_resume_T12_stabilize.txt","08-14 18:17:35.724","duplicate","duplicate_event_id_unproven","trk_1786723810647_11n415gl","26","","","","mob_mst5hmzm_4w27612f","http_fallback","null","08-14 18:17:35.724 28854 30615 I ReactNativeJS: '[driver-telemetry] tracking.ingest.ack', { source: 'driver.tracking.queue', | 08-14 18:17:35.724 28854 30615 I ReactNativeJS:   mission_id: 26, | 08-14 18:17:35.724 28854 30615 I ReactNativeJS:   flush_path: 'http_fallback', | 08-14 18:17:35.724 28854 30615 I ReactNativeJS:   queue_item_id: 'trk_1786723810647_11n415gl', | 08-14 18:17:35.724 28854 30615 I Re"
"logcat_resume_T12_stabilize.txt","08-14 18:17:35.788","duplicate","duplicate_event_id_unproven","trk_1786723829101_tdhsi20c","26","","","","mob_mst5hn1p_sh42vsho","http_fallback","null","08-14 18:17:35.788 28854 30615 I ReactNativeJS: '[driver-telemetry] tracking.ingest.ack', { source: 'driver.tracking.queue', | 08-14 18:17:35.788 28854 30615 I ReactNativeJS:   mission_id: 26, | 08-14 18:17:35.788 28854 30615 I ReactNativeJS:   flush_path: 'http_fallback', | 08-14 18:17:35.788 28854 30615 I ReactNativeJS:   queue_item_id: 'trk_1786723829101_tdhsi20c', | 08-14 18:17:35.788 28854 30615 I Re"
"logcat_resume_T12_stabilize.txt","08-14 18:17:38.900","duplicate","duplicate_event_id_unproven","trk_1786723792342_u8w2gqur","26","","","","mob_mst5hpg1_nz32cqvq","http_fallback","null","08-14 18:17:38.900 28854 30615 I ReactNativeJS: '[driver-telemetry] tracking.ingest.ack', { source: 'driver.tracking.queue', | 08-14 18:17:38.900 28854 30615 I ReactNativeJS:   mission_id: 26, | 08-14 18:17:38.900 28854 30615 I ReactNativeJS:   flush_path: 'http_fallback', | 08-14 18:17:38.900 28854 30615 I ReactNativeJS:   queue_item_id: 'trk_1786723792342_u8w2gqur', | 08-14 18:17:38.900 28854 30615 I Re"
"logcat_resume_T12_stabilize.txt","08-14 18:17:39.024","ingested_non_persisted","ledger_ids_missing","trk_1786723810647_11n415gl","26","","","","mob_mst5hphx_g0ptik7c","http_fallback","'queued_async'","08-14 18:17:39.024 28854 30615 I ReactNativeJS: '[driver-telemetry] tracking.ingest.ack', { source: 'driver.tracking.queue', | 08-14 18:17:39.024 28854 30615 I ReactNativeJS:   mission_id: 26, | 08-14 18:17:39.024 28854 30615 I ReactNativeJS:   flush_path: 'http_fallback', | 08-14 18:17:39.024 28854 30615 I ReactNativeJS:   queue_item_id: 'trk_1786723810647_11n415gl', | 08-14 18:17:39.024 28854 30615 I Re"
"logcat_resume_T12_stabilize.txt","08-14 18:17:39.131","ingested_non_persisted","ledger_ids_missing","trk_1786723829101_tdhsi20c","26","","","","mob_mst5hpld_x9gqufr0","http_fallback","'queued_async'","08-14 18:17:39.131 28854 30615 I ReactNativeJS: '[driver-telemetry] tracking.ingest.ack', { source: 'driver.tracking.queue', | 08-14 18:17:39.131 28854 30615 I ReactNativeJS:   mission_id: 26, | 08-14 18:17:39.131 28854 30615 I ReactNativeJS:   flush_path: 'http_fallback', | 08-14 18:17:39.131 28854 30615 I ReactNativeJS:   queue_item_id: 'trk_1786723829101_tdhsi20c', | 08-14 18:17:39.131 28854 30615 I Re"
"logcat_resume_T12_stabilize.txt","08-14 18:17:42.940","ingested_non_persisted","ledger_ids_missing","trk_1786723792342_u8w2gqur","26","","","","mob_mst5hs0p_5unighqe","http_fallback","'queued_async'","08-14 18:17:42.940 28854 30615 I ReactNativeJS: '[driver-telemetry] tracking.ingest.ack', { source: 'driver.tracking.queue', | 08-14 18:17:42.940 28854 30615 I ReactNativeJS:   mission_id: 26, | 08-14 18:17:42.940 28854 30615 I ReactNativeJS:   flush_path: 'http_fallback', | 08-14 18:17:42.940 28854 30615 I ReactNativeJS:   queue_item_id: 'trk_1786723792342_u8w2gqur', | 08-14 18:17:42.940 28854 30615 I Re"
"logcat_resume_T12_stabilize.txt","08-14 18:17:43.656","duplicate","duplicate_event_id_unproven","trk_1786723810647_11n415gl","26","","","","mob_mst5hsm5_78wz9wkv","http_fallback","null","08-14 18:17:43.656 28854 30615 I ReactNativeJS: '[driver-telemetry] tracking.ingest.ack', { source: 'driver.tracking.queue', | 08-14 18:17:43.656 28854 30615 I ReactNativeJS:   mission_id: 26, | 08-14 18:17:43.656 28854 30615 I ReactNativeJS:   flush_path: 'http_fallback', | 08-14 18:17:43.656 28854 30615 I ReactNativeJS:   queue_item_id: 'trk_1786723810647_11n415gl', | 08-14 18:17:43.656 28854 30615 I Re"
"logcat_resume_T12_stabilize.txt","08-14 18:17:44.281","duplicate","duplicate_event_id_unproven","trk_1786723829101_tdhsi20c","26","","","","mob_mst5ht61_qaa656uv","http_fallback","null","08-14 18:17:44.281 28854 30615 I ReactNativeJS: '[driver-telemetry] tracking.ingest.ack', { source: 'driver.tracking.queue', | 08-14 18:17:44.281 28854 30615 I ReactNativeJS:   mission_id: 26, | 08-14 18:17:44.281 28854 30615 I ReactNativeJS:   flush_path: 'http_fallback', | 08-14 18:17:44.281 28854 30615 I ReactNativeJS:   queue_item_id: 'trk_1786723829101_tdhsi20c', | 08-14 18:17:44.281 28854 30615 I Re"
"logcat_resume_T12_stabilize.txt","08-14 18:17:45.407","duplicate","duplicate_event_id_unproven","trk_1786723792342_u8w2gqur","26","","","","mob_mst5htot_mgdbucq8","http_fallback","null","08-14 18:17:45.407 28854 30615 I ReactNativeJS: '[driver-telemetry] tracking.ingest.ack', { source: 'driver.tracking.queue', | 08-14 18:17:45.407 28854 30615 I ReactNativeJS:   mission_id: 26, | 08-14 18:17:45.407 28854 30615 I ReactNativeJS:   flush_path: 'http_fallback', | 08-14 18:17:45.407 28854 30615 I ReactNativeJS:   queue_item_id: 'trk_1786723792342_u8w2gqur', | 08-14 18:17:45.407 28854 30615 I Re"
"logcat_resume_T12_stabilize.txt","08-14 18:17:45.925","ingested_non_persisted","ledger_ids_missing","trk_1786723810647_11n415gl","26","","","","mob_mst5huir_dnma93r5","http_fallback","'queued_async'","08-14 18:17:45.925 28854 30615 I ReactNativeJS: '[driver-telemetry] tracking.ingest.ack', { source: 'driver.tracking.queue', | 08-14 18:17:45.925 28854 30615 I ReactNativeJS:   mission_id: 26, | 08-14 18:17:45.925 28854 30615 I ReactNativeJS:   flush_path: 'http_fallback', | 08-14 18:17:45.925 28854 30615 I ReactNativeJS:   queue_item_id: 'trk_1786723810647_11n415gl', | 08-14 18:17:45.925 28854 30615 I Re"
"logcat_resume_T12_stabilize.txt","08-14 18:17:46.272","ingested_non_persisted","ledger_ids_missing","trk_1786723829101_tdhsi20c","26","","","","mob_mst5hux1_g9u56clc","http_fallback","'queued_async'","08-14 18:17:46.272 28854 30615 I ReactNativeJS: '[driver-telemetry] tracking.ingest.ack', { source: 'driver.tracking.queue', | 08-14 18:17:46.272 28854 30615 I ReactNativeJS:   mission_id: 26, | 08-14 18:17:46.272 28854 30615 I ReactNativeJS:   flush_path: 'http_fallback', | 08-14 18:17:46.272 28854 30615 I ReactNativeJS:   queue_item_id: 'trk_1786723829101_tdhsi20c', | 08-14 18:17:46.272 28854 30615 I Re"
"logcat_resume_T12_stabilize.txt","08-14 18:17:46.579","ingested_non_persisted","ledger_ids_missing","trk_1786723792342_u8w2gqur","26","","","","mob_mst5hv6t_w4eeza1s","http_fallback","'queued_async'","08-14 18:17:46.579 28854 30615 I ReactNativeJS: '[driver-telemetry] tracking.ingest.ack', { source: 'driver.tracking.queue', | 08-14 18:17:46.579 28854 30615 I ReactNativeJS:   mission_id: 26, | 08-14 18:17:46.579 28854 30615 I ReactNativeJS:   flush_path: 'http_fallback', | 08-14 18:17:46.579 28854 30615 I ReactNativeJS:   queue_item_id: 'trk_1786723792342_u8w2gqur', | 08-14 18:17:46.579 28854 30615 I Re"
"logcat_resume_T12_stabilize.txt","08-14 18:17:46.978","duplicate","duplicate_event_id_unproven","trk_1786723810647_11n415gl","26","","","","mob_mst5hvf8_jvfwk5ys","http_fallback","null","08-14 18:17:46.978 28854 30615 I ReactNativeJS: '[driver-telemetry] tracking.ingest.ack', { source: 'driver.tracking.queue', | 08-14 18:17:46.978 28854 30615 I ReactNativeJS:   mission_id: 26, | 08-14 18:17:46.978 28854 30615 I ReactNativeJS:   flush_path: 'http_fallback', | 08-14 18:17:46.978 28854 30615 I ReactNativeJS:   queue_item_id: 'trk_1786723810647_11n415gl', | 08-14 18:17:46.978 28854 30615 I Re"
"logcat_resume_T12_stabilize.txt","08-14 18:17:47.308","duplicate","duplicate_event_id_unproven","trk_1786723829101_tdhsi20c","26","","","","mob_mst5hvqg_mzrmwrnx","http_fallback","null","08-14 18:17:47.308 28854 30615 I ReactNativeJS: '[driver-telemetry] tracking.ingest.ack', { source: 'driver.tracking.queue', | 08-14 18:17:47.308 28854 30615 I ReactNativeJS:   mission_id: 26, | 08-14 18:17:47.308 28854 30615 I ReactNativeJS:   flush_path: 'http_fallback', | 08-14 18:17:47.308 28854 30615 I ReactNativeJS:   queue_item_id: 'trk_1786723829101_tdhsi20c', | 08-14 18:17:47.308 28854 30615 I Re"
"logcat_resume_T12_stabilize.txt","08-14 18:17:47.673","duplicate","duplicate_event_id_unproven","trk_1786723792342_u8w2gqur","26","","","","mob_mst5hw01_tpyg0vqm","http_fallback","null","08-14 18:17:47.673 28854 30615 I ReactNativeJS: '[driver-telemetry] tracking.ingest.ack', { source: 'driver.tracking.queue', | 08-14 18:17:47.673 28854 30615 I ReactNativeJS:   mission_id: 26, | 08-14 18:17:47.673 28854 30615 I ReactNativeJS:   flush_path: 'http_fallback', | 08-14 18:17:47.673 28854 30615 I ReactNativeJS:   queue_item_id: 'trk_1786723792342_u8w2gqur', | 08-14 18:17:47.673 28854 30615 I Re"
"logcat_resume_T12_stabilize.txt","08-14 18:17:48.256","ingested_non_persisted","ledger_ids_missing","trk_1786723810647_11n415gl","26","trk_sess_1786722711491_2h9hb2ps","","","mob_mst5hw9m_10z5xs0b","http_fallback","'queued_async'","08-14 18:17:48.256 28854 30615 I ReactNativeJS: '[driver-telemetry] tracking.ingest.ack', { source: 'driver.tracking.queue', | 08-14 18:17:48.256 28854 30615 I ReactNativeJS:   mission_id: 26, | 08-14 18:17:48.256 28854 30615 I ReactNativeJS:   flush_path: 'http_fallback', | 08-14 18:17:48.256 28854 30615 I ReactNativeJS:   queue_item_id: 'trk_1786723810647_11n415gl', | 08-14 18:17:48.256 28854 30615 I Re"
"logcat_resume_T12_stabilize.txt","08-14 18:17:48.697","ingested_non_persisted","ledger_ids_missing","trk_1786723829101_tdhsi20c","26","","","","mob_mst5hwpt_4vl5379p","http_fallback","'queued_async'","08-14 18:17:48.697 28854 30615 I ReactNativeJS: '[driver-telemetry] tracking.ingest.ack', { source: 'driver.tracking.queue', | 08-14 18:17:48.697 28854 30615 I ReactNativeJS:   mission_id: 26, | 08-14 18:17:48.697 28854 30615 I ReactNativeJS:   flush_path: 'http_fallback', | 08-14 18:17:48.697 28854 30615 I ReactNativeJS:   queue_item_id: 'trk_1786723829101_tdhsi20c', | 08-14 18:17:48.697 28854 30615 I Re"
"logcat_resume_T12_stabilize.txt","08-14 18:17:51.865","ingested_non_persisted","ledger_ids_missing","trk_1786723792342_u8w2gqur","26","","","","mob_mst5hzdv_0hfg4gmd","http_fallback","'queued_async'","08-14 18:17:51.865 28854 30615 I ReactNativeJS: '[driver-telemetry] tracking.ingest.ack', { source: 'driver.tracking.queue', | 08-14 18:17:51.865 28854 30615 I ReactNativeJS:   mission_id: 26, | 08-14 18:17:51.865 28854 30615 I ReactNativeJS:   flush_path: 'http_fallback', | 08-14 18:17:51.865 28854 30615 I ReactNativeJS:   queue_item_id: 'trk_1786723792342_u8w2gqur', | 08-14 18:17:51.865 28854 30615 I Re"
"logcat_resume_T12_stabilize.txt","08-14 18:17:51.928","duplicate","duplicate_event_id_unproven","trk_1786723810647_11n415gl","26","","","","mob_mst5hzi2_v6lk8xqi","http_fallback","null","08-14 18:17:51.928 28854 30615 I ReactNativeJS: '[driver-telemetry] tracking.ingest.ack', { source: 'driver.tracking.queue', | 08-14 18:17:51.928 28854 30615 I ReactNativeJS:   mission_id: 26, | 08-14 18:17:51.928 28854 30615 I ReactNativeJS:   flush_path: 'http_fallback', | 08-14 18:17:51.928 28854 30615 I ReactNativeJS:   queue_item_id: 'trk_1786723810647_11n415gl', | 08-14 18:17:51.928 28854 30615 I Re"
"logcat_resume_T12_stabilize.txt","08-14 18:17:52.002","duplicate","duplicate_event_id_unproven","trk_1786723829101_tdhsi20c","26","","","","mob_mst5hzjt_otquzvzg","http_fallback","null","08-14 18:17:52.002 28854 30615 I ReactNativeJS: '[driver-telemetry] tracking.ingest.ack', { source: 'driver.tracking.queue', | 08-14 18:17:52.002 28854 30615 I ReactNativeJS:   mission_id: 26, | 08-14 18:17:52.002 28854 30615 I ReactNativeJS:   flush_path: 'http_fallback', | 08-14 18:17:52.002 28854 30615 I ReactNativeJS:   queue_item_id: 'trk_1786723829101_tdhsi20c', | 08-14 18:17:52.002 28854 30615 I Re"
"logcat_resume_T12_stabilize.txt","08-14 18:18:00.538","duplicate","duplicate_event_id_unproven","trk_1786723792342_u8w2gqur","26","","","","mob_mst5i652_im367f8k","http_fallback","null","08-14 18:18:00.538 28854 30615 I ReactNativeJS: '[driver-telemetry] tracking.ingest.ack', { source: 'driver.tracking.queue', | 08-14 18:18:00.538 28854 30615 I ReactNativeJS:   mission_id: 26, | 08-14 18:18:00.538 28854 30615 I ReactNativeJS:   flush_path: 'http_fallback', | 08-14 18:18:00.538 28854 30615 I ReactNativeJS:   queue_item_id: 'trk_1786723792342_u8w2gqur', | 08-14 18:18:00.538 28854 30615 I Re"
"logcat_resume_T12_stabilize.txt","08-14 18:18:00.658","ingested_non_persisted","ledger_ids_missing","trk_1786723810647_11n415gl","26","","","","mob_mst5i66z_x85ixg3y","http_fallback","'queued_async'","08-14 18:18:00.658 28854 30615 I ReactNativeJS: '[driver-telemetry] tracking.ingest.ack', { source: 'driver.tracking.queue', | 08-14 18:18:00.658 28854 30615 I ReactNativeJS:   mission_id: 26, | 08-14 18:18:00.658 28854 30615 I ReactNativeJS:   flush_path: 'http_fallback', | 08-14 18:18:00.658 28854 30615 I ReactNativeJS:   queue_item_id: 'trk_1786723810647_11n415gl', | 08-14 18:18:00.658 28854 30615 I Re"
"logcat_resume_T12_stabilize.txt","08-14 18:18:00.772","ingested_non_persisted","ledger_ids_missing","trk_1786723829101_tdhsi20c","26","","","","mob_mst5i6ab_4cim8tg3","http_fallback","'queued_async'","08-14 18:18:00.772 28854 30615 I ReactNativeJS: '[driver-telemetry] tracking.ingest.ack', { source: 'driver.tracking.queue', | 08-14 18:18:00.772 28854 30615 I ReactNativeJS:   mission_id: 26, | 08-14 18:18:00.772 28854 30615 I ReactNativeJS:   flush_path: 'http_fallback', | 08-14 18:18:00.772 28854 30615 I ReactNativeJS:   queue_item_id: 'trk_1786723829101_tdhsi20c', | 08-14 18:18:00.772 28854 30615 I Re"
"logcat_resume_T12_stabilize.txt","08-14 18:18:03.896","ingested_non_persisted","ledger_ids_missing","trk_1786723792342_u8w2gqur","26","","","","mob_mst5i8p9_9fnu2sgz","http_fallback","'queued_async'","08-14 18:18:03.896 28854 30615 I ReactNativeJS: '[driver-telemetry] tracking.ingest.ack', { source: 'driver.tracking.queue', | 08-14 18:18:03.896 28854 30615 I ReactNativeJS:   mission_id: 26, | 08-14 18:18:03.896 28854 30615 I ReactNativeJS:   flush_path: 'http_fallback', | 08-14 18:18:03.896 28854 30615 I ReactNativeJS:   queue_item_id: 'trk_1786723792342_u8w2gqur', | 08-14 18:18:03.896 28854 30615 I Re"
"logcat_resume_T12_stabilize.txt","08-14 18:18:03.976","duplicate","duplicate_event_id_unproven","trk_1786723810647_11n415gl","26","","","","mob_mst5i8s9_1n0ycmeg","http_fallback","null","08-14 18:18:03.976 28854 30615 I ReactNativeJS: '[driver-telemetry] tracking.ingest.ack', { source: 'driver.tracking.queue', | 08-14 18:18:03.976 28854 30615 I ReactNativeJS:   mission_id: 26, | 08-14 18:18:03.976 28854 30615 I ReactNativeJS:   flush_path: 'http_fallback', | 08-14 18:18:03.976 28854 30615 I ReactNativeJS:   queue_item_id: 'trk_1786723810647_11n415gl', | 08-14 18:18:03.976 28854 30615 I Re"
"logcat_resume_T12_stabilize.txt","08-14 18:18:04.050","duplicate","duplicate_event_id_unproven","trk_1786723829101_tdhsi20c","26","","","","mob_mst5i8uh_5myexmqq","http_fallback","null","08-14 18:18:04.050 28854 30615 I ReactNativeJS: '[driver-telemetry] tracking.ingest.ack', { source: 'driver.tracking.queue', | 08-14 18:18:04.050 28854 30615 I ReactNativeJS:   mission_id: 26, | 08-14 18:18:04.050 28854 30615 I ReactNativeJS:   flush_path: 'http_fallback', | 08-14 18:18:04.050 28854 30615 I ReactNativeJS:   queue_item_id: 'trk_1786723829101_tdhsi20c', | 08-14 18:18:04.050 28854 30615 I Re"
"logcat_resume_T12_stabilize.txt","08-14 18:18:04.830","duplicate","duplicate_event_id_unproven","trk_1786723792342_u8w2gqur","26","","","","mob_mst5i9fy_mi59yp2d","http_fallback","null","08-14 18:18:04.830 28854 30615 I ReactNativeJS: '[driver-telemetry] tracking.ingest.ack', { source: 'driver.tracking.queue', | 08-14 18:18:04.830 28854 30615 I ReactNativeJS:   mission_id: 26, | 08-14 18:18:04.830 28854 30615 I ReactNativeJS:   flush_path: 'http_fallback', | 08-14 18:18:04.830 28854 30615 I ReactNativeJS:   queue_item_id: 'trk_1786723792342_u8w2gqur', | 08-14 18:18:04.830 28854 30615 I Re"
"logcat_resume_T12_stabilize.txt","08-14 18:18:04.962","ingested_non_persisted","ledger_ids_missing","trk_1786723810647_11n415gl","26","trk_sess_1786722711491_2h9hb2ps","","","mob_mst5i9i7_svbunb9b","http_fallback","'queued_async'","08-14 18:18:04.962 28854 30615 I ReactNativeJS: '[driver-telemetry] tracking.ingest.ack', { source: 'driver.tracking.queue', | 08-14 18:18:04.962 28854 30615 I ReactNativeJS:   mission_id: 26, | 08-14 18:18:04.962 28854 30615 I ReactNativeJS:   flush_path: 'http_fallback', | 08-14 18:18:04.962 28854 30615 I ReactNativeJS:   queue_item_id: 'trk_1786723810647_11n415gl', | 08-14 18:18:04.962 28854 30615 I Re"
"logcat_resume_T12_stabilize.txt","08-14 18:18:05.073","ingested_non_persisted","ledger_ids_missing","trk_1786723829101_tdhsi20c","26","","","","mob_mst5i9lv_hspfhsyx","http_fallback","'queued_async'","08-14 18:18:05.073 28854 30615 I ReactNativeJS: '[driver-telemetry] tracking.ingest.ack', { source: 'driver.tracking.queue', | 08-14 18:18:05.073 28854 30615 I ReactNativeJS:   mission_id: 26, | 08-14 18:18:05.073 28854 30615 I ReactNativeJS:   flush_path: 'http_fallback', | 08-14 18:18:05.073 28854 30615 I ReactNativeJS:   queue_item_id: 'trk_1786723829101_tdhsi20c', | 08-14 18:18:05.073 28854 30615 I Re"
"logcat_resume_T12_stabilize.txt","08-14 18:18:07.232","ingested_non_persisted","ledger_ids_missing","trk_1786723792342_u8w2gqur","26","","","","mob_mst5ib94_dhknx23g","http_fallback","'queued_async'","08-14 18:18:07.232 28854 30615 I ReactNativeJS: '[driver-telemetry] tracking.ingest.ack', { source: 'driver.tracking.queue', | 08-14 18:18:07.232 28854 30615 I ReactNativeJS:   mission_id: 26, | 08-14 18:18:07.232 28854 30615 I ReactNativeJS:   flush_path: 'http_fallback', | 08-14 18:18:07.232 28854 30615 I ReactNativeJS:   queue_item_id: 'trk_1786723792342_u8w2gqur', | 08-14 18:18:07.232 28854 30615 I Re"
"logcat_resume_T12_stabilize.txt","08-14 18:18:07.307","duplicate","duplicate_event_id_unproven","trk_1786723810647_11n415gl","26","","","","mob_mst5ibcx_lmyd3nlu","http_fallback","null","08-14 18:18:07.307 28854 30615 I ReactNativeJS: '[driver-telemetry] tracking.ingest.ack', { source: 'driver.tracking.queue', | 08-14 18:18:07.307 28854 30615 I ReactNativeJS:   mission_id: 26, | 08-14 18:18:07.307 28854 30615 I ReactNativeJS:   flush_path: 'http_fallback', | 08-14 18:18:07.307 28854 30615 I ReactNativeJS:   queue_item_id: 'trk_1786723810647_11n415gl', | 08-14 18:18:07.307 28854 30615 I Re"
"logcat_resume_T12_stabilize.txt","08-14 18:18:07.385","duplicate","duplicate_event_id_unproven","trk_1786723829101_tdhsi20c","26","","","","mob_mst5ibf0_rvr57jiy","http_fallback","null","08-14 18:18:07.385 28854 30615 I ReactNativeJS: '[driver-telemetry] tracking.ingest.ack', { source: 'driver.tracking.queue', | 08-14 18:18:07.385 28854 30615 I ReactNativeJS:   mission_id: 26, | 08-14 18:18:07.385 28854 30615 I ReactNativeJS:   flush_path: 'http_fallback', | 08-14 18:18:07.385 28854 30615 I ReactNativeJS:   queue_item_id: 'trk_1786723829101_tdhsi20c', | 08-14 18:18:07.385 28854 30615 I Re"
"logcat_resume_T12_stabilize.txt","08-14 18:18:10.498","duplicate","duplicate_event_id_unproven","trk_1786723792342_u8w2gqur","26","","","","mob_mst5idty_w6o4eq41","http_fallback","null","08-14 18:18:10.498 28854 30615 I ReactNativeJS: '[driver-telemetry] tracking.ingest.ack', { source: 'driver.tracking.queue', | 08-14 18:18:10.498 28854 30615 I ReactNativeJS:   mission_id: 26, | 08-14 18:18:10.498 28854 30615 I ReactNativeJS:   flush_path: 'http_fallback', | 08-14 18:18:10.498 28854 30615 I ReactNativeJS:   queue_item_id: 'trk_1786723792342_u8w2gqur', | 08-14 18:18:10.498 28854 30615 I Re"
"logcat_resume_T12_stabilize.txt","08-14 18:18:10.619","ingested_non_persisted","ledger_ids_missing","trk_1786723810647_11n415gl","26","","","","mob_mst5idvn_6qi9o32u","http_fallback","'queued_async'","08-14 18:18:10.619 28854 30615 I ReactNativeJS: '[driver-telemetry] tracking.ingest.ack', { source: 'driver.tracking.queue', | 08-14 18:18:10.619 28854 30615 I ReactNativeJS:   mission_id: 26, | 08-14 18:18:10.619 28854 30615 I ReactNativeJS:   flush_path: 'http_fallback', | 08-14 18:18:10.619 28854 30615 I ReactNativeJS:   queue_item_id: 'trk_1786723810647_11n415gl', | 08-14 18:18:10.619 28854 30615 I Re"
"logcat_resume_T12_stabilize.txt","08-14 18:18:10.770","ingested_non_persisted","ledger_ids_missing","trk_1786723829101_tdhsi20c","26","","","","mob_mst5idz0_hprdv1y5","http_fallback","'queued_async'","08-14 18:18:10.770 28854 30615 I ReactNativeJS: '[driver-telemetry] tracking.ingest.ack', { source: 'driver.tracking.queue', | 08-14 18:18:10.770 28854 30615 I ReactNativeJS:   mission_id: 26, | 08-14 18:18:10.770 28854 30615 I ReactNativeJS:   flush_path: 'http_fallback', | 08-14 18:18:10.770 28854 30615 I ReactNativeJS:   queue_item_id: 'trk_1786723829101_tdhsi20c', | 08-14 18:18:10.770 28854 30615 I Re"
"logcat_resume_T12_stabilize.txt","08-14 18:18:13.923","ingested_non_persisted","ledger_ids_missing","trk_1786723792342_u8w2gqur","26","","","","mob_mst5igfl_elf74ndl","http_fallback","'queued_async'","08-14 18:18:13.923 28854 30615 I ReactNativeJS: '[driver-telemetry] tracking.ingest.ack', { source: 'driver.tracking.queue', | 08-14 18:18:13.923 28854 30615 I ReactNativeJS:   mission_id: 26, | 08-14 18:18:13.923 28854 30615 I ReactNativeJS:   flush_path: 'http_fallback', | 08-14 18:18:13.923 28854 30615 I ReactNativeJS:   queue_item_id: 'trk_1786723792342_u8w2gqur', | 08-14 18:18:13.923 28854 30615 I Re"
"logcat_resume_T12_stabilize.txt","08-14 18:18:14.001","duplicate","duplicate_event_id_unproven","trk_1786723810647_11n415gl","26","","","","mob_mst5igis_3yvk80rt","http_fallback","null","08-14 18:18:14.001 28854 30615 I ReactNativeJS: '[driver-telemetry] tracking.ingest.ack', { source: 'driver.tracking.queue', | 08-14 18:18:14.001 28854 30615 I ReactNativeJS:   mission_id: 26, | 08-14 18:18:14.001 28854 30615 I ReactNativeJS:   flush_path: 'http_fallback', | 08-14 18:18:14.001 28854 30615 I ReactNativeJS:   queue_item_id: 'trk_1786723810647_11n415gl', | 08-14 18:18:14.001 28854 30615 I Re"
"logcat_resume_T12_stabilize.txt","08-14 18:18:14.115","duplicate","duplicate_event_id_unproven","trk_1786723829101_tdhsi20c","26","","","","mob_mst5igkx_1eoysci1","http_fallback","null","08-14 18:18:14.115 28854 30615 I ReactNativeJS: '[driver-telemetry] tracking.ingest.ack', { source: 'driver.tracking.queue', | 08-14 18:18:14.115 28854 30615 I ReactNativeJS:   mission_id: 26, | 08-14 18:18:14.115 28854 30615 I ReactNativeJS:   flush_path: 'http_fallback', | 08-14 18:18:14.115 28854 30615 I ReactNativeJS:   queue_item_id: 'trk_1786723829101_tdhsi20c', | 08-14 18:18:14.115 28854 30615 I Re"
"logcat_resume_T12_stabilize.txt","08-14 18:18:14.685","duplicate","duplicate_event_id_unproven","trk_1786723792342_u8w2gqur","26","","","","mob_mst5igud_1zk4uuoj","http_fallback","null","08-14 18:18:14.685 28854 30615 I ReactNativeJS: '[driver-telemetry] tracking.ingest.ack', { source: 'driver.tracking.queue', | 08-14 18:18:14.685 28854 30615 I ReactNativeJS:   mission_id: 26, | 08-14 18:18:14.685 28854 30615 I ReactNativeJS:   flush_path: 'http_fallback', | 08-14 18:18:14.685 28854 30615 I ReactNativeJS:   queue_item_id: 'trk_1786723792342_u8w2gqur', | 08-14 18:18:14.685 28854 30615 I Re"
"logcat_resume_T12_stabilize.txt","08-14 18:18:14.782","ingested_non_persisted","ledger_ids_missing","trk_1786723810647_11n415gl","26","","","","mob_mst5ih3x_41xprei7","http_fallback","'queued_async'","08-14 18:18:14.782 28854 30615 I ReactNativeJS: '[driver-telemetry] tracking.ingest.ack', { source: 'driver.tracking.queue', | 08-14 18:18:14.782 28854 30615 I ReactNativeJS:   mission_id: 26, | 08-14 18:18:14.782 28854 30615 I ReactNativeJS:   flush_path: 'http_fallback', | 08-14 18:18:14.782 28854 30615 I ReactNativeJS:   queue_item_id: 'trk_1786723810647_11n415gl', | 08-14 18:18:14.782 28854 30615 I Re"
"logcat_resume_T12_stabilize.txt","08-14 18:18:14.887","ingested_non_persisted","ledger_ids_missing","trk_1786723829101_tdhsi20c","26","","","","mob_mst5ih6n_xjz0ibc7","http_fallback","'queued_async'","08-14 18:18:14.887 28854 30615 I ReactNativeJS: '[driver-telemetry] tracking.ingest.ack', { source: 'driver.tracking.queue', | 08-14 18:18:14.887 28854 30615 I ReactNativeJS:   mission_id: 26, | 08-14 18:18:14.887 28854 30615 I ReactNativeJS:   flush_path: 'http_fallback', | 08-14 18:18:14.887 28854 30615 I ReactNativeJS:   queue_item_id: 'trk_1786723829101_tdhsi20c', | 08-14 18:18:14.887 28854 30615 I Re"
"logcat_resume_T12_stabilize.txt","08-14 18:18:15.014","ingested_non_persisted","ledger_ids_missing","trk_1786723792342_u8w2gqur","26","","","","mob_mst5ih9n_xdnkyyvu","http_fallback","'queued_async'","08-14 18:18:15.014 28854 30615 I ReactNativeJS: '[driver-telemetry] tracking.ingest.ack', { source: 'driver.tracking.queue', | 08-14 18:18:15.014 28854 30615 I ReactNativeJS:   mission_id: 26, | 08-14 18:18:15.014 28854 30615 I ReactNativeJS:   flush_path: 'http_fallback', | 08-14 18:18:15.014 28854 30615 I ReactNativeJS:   queue_item_id: 'trk_1786723792342_u8w2gqur', | 08-14 18:18:15.014 28854 30615 I Re"
"logcat_resume_T12_stabilize.txt","08-14 18:18:15.082","duplicate","duplicate_event_id_unproven","trk_1786723810647_11n415gl","26","","","","mob_mst5ihd3_mmbq26s1","http_fallback","null","08-14 18:18:15.082 28854 30615 I ReactNativeJS: '[driver-telemetry] tracking.ingest.ack', { source: 'driver.tracking.queue', | 08-14 18:18:15.082 28854 30615 I ReactNativeJS:   mission_id: 26, | 08-14 18:18:15.082 28854 30615 I ReactNativeJS:   flush_path: 'http_fallback', | 08-14 18:18:15.082 28854 30615 I ReactNativeJS:   queue_item_id: 'trk_1786723810647_11n415gl', | 08-14 18:18:15.082 28854 30615 I Re"
"logcat_resume_T12_stabilize.txt","08-14 18:18:15.145","duplicate","duplicate_event_id_unproven","trk_1786723829101_tdhsi20c","26","","","","mob_mst5ihey_j5ucfgkm","http_fallback","null","08-14 18:18:15.145 28854 30615 I ReactNativeJS: '[driver-telemetry] tracking.ingest.ack', { source: 'driver.tracking.queue', | 08-14 18:18:15.145 28854 30615 I ReactNativeJS:   mission_id: 26, | 08-14 18:18:15.145 28854 30615 I ReactNativeJS:   flush_path: 'http_fallback', | 08-14 18:18:15.145 28854 30615 I ReactNativeJS:   queue_item_id: 'trk_1786723829101_tdhsi20c', | 08-14 18:18:15.145 28854 30615 I Re"
"logcat_resume_T12_stabilize.txt","08-14 18:18:17.197","duplicate","duplicate_event_id_unproven","trk_1786723792342_u8w2gqur","26","trk_sess_1786722711491_2h9hb2ps","","","mob_mst5iizs_765u0guf","http_fallback","null","08-14 18:18:17.197 28854 30615 I ReactNativeJS: '[driver-telemetry] tracking.ingest.ack', { source: 'driver.tracking.queue', | 08-14 18:18:17.197 28854 30615 I ReactNativeJS:   mission_id: 26, | 08-14 18:18:17.197 28854 30615 I ReactNativeJS:   flush_path: 'http_fallback', | 08-14 18:18:17.197 28854 30615 I ReactNativeJS:   queue_item_id: 'trk_1786723792342_u8w2gqur', | 08-14 18:18:17.197 28854 30615 I Re"
"logcat_resume_precheck.txt","08-14 18:12:49.166","duplicate","duplicate_event_id_unproven","trk_1786723792342_u8w2gqur","26","","","","mob_mst5bhtv_1k04lzif","http_fallback","null","08-14 18:12:49.166 28854 30210 I ReactNativeJS: '[driver-telemetry] tracking.ingest.ack', { source: 'driver.tracking.queue', | 08-14 18:12:49.166 28854 30210 I ReactNativeJS:   mission_id: 26, | 08-14 18:12:49.166 28854 30210 I ReactNativeJS:   flush_path: 'http_fallback', | 08-14 18:12:49.166 28854 30210 I ReactNativeJS:   queue_item_id: 'trk_1786723792342_u8w2gqur', | 08-14 18:12:49.166 28854 30210 I Re"
"logcat_resume_precheck.txt","08-14 18:12:50.567","duplicate","duplicate_event_id_unproven","trk_1786723810647_11n415gl","26","","","","mob_mst5bhxq_m88fot1c","http_fallback","null","08-14 18:12:50.567 28854 30210 I ReactNativeJS: '[driver-telemetry] tracking.ingest.ack', { source: 'driver.tracking.queue', | 08-14 18:12:50.567 28854 30210 I ReactNativeJS:   mission_id: 26, | 08-14 18:12:50.567 28854 30210 I ReactNativeJS:   flush_path: 'http_fallback', | 08-14 18:12:50.567 28854 30210 I ReactNativeJS:   queue_item_id: 'trk_1786723810647_11n415gl', | 08-14 18:12:50.567 28854 30210 I Re"
"logcat_resume_precheck.txt","08-14 18:12:51.729","duplicate","duplicate_event_id_unproven","trk_1786723829101_tdhsi20c","26","","","","mob_mst5bj0n_devcfsap","http_fallback","null","08-14 18:12:51.729 28854 30210 I ReactNativeJS: '[driver-telemetry] tracking.ingest.ack', { source: 'driver.tracking.queue', | 08-14 18:12:51.729 28854 30210 I ReactNativeJS:   mission_id: 26, | 08-14 18:12:51.729 28854 30210 I ReactNativeJS:   flush_path: 'http_fallback', | 08-14 18:12:51.729 28854 30210 I ReactNativeJS:   queue_item_id: 'trk_1786723829101_tdhsi20c', | 08-14 18:12:51.729 28854 30210 I Re"
